Comment,Skip Flag (Y/N),Form Type,Precondition,Test,Result,SQL
,,"FormI90, FormI821P, FormI821D, FormI821, FormI765, FormI601, FormI131,FormN400",,Verify Case Exists,1,select count(*) from cis_case cc where cc.uscis_receipt_number='${USCIS Receipt Number}'
,,"FormI90, FormI821P, FormI821D, FormI821, FormI765, FormI601,FormI131,FormN400",,Verify Applicant's Name,1,select count(*) from cis_case cc inner join case_prty_role cpr on cpr.case_id = cc.case_identifier inner join role_typ_cd rtc on cpr.role_typ_cd = rtc.role_type_code_identifier inner join pers p on p.prty_id = cpr.prty_id inner join pers_nm pn on pn.prty_id = cpr.prty_id where cc.uscis_receipt_number='${USCIS Receipt Number}' and rtc.role_type_description = 'Applicant' and pn.frst_nm=upper('${Applicant Legal Given Name}') and pn.last_nm=upper('${Applicant Legal Family Name}')
Fails for 821P,,"FormI90, FormI821D, FormI821,FormI131,FormN400",,Verify Applicant's DOB,1,"select count(*) from cis_case cc inner join case_prty_role cpr on cpr.case_id = cc.case_identifier inner join role_typ_cd rtc on cpr.role_typ_cd = rtc.role_type_code_identifier inner join pers p on p.prty_id = cpr.prty_id inner join case_pers_brth_dt cpb on cpb.case_id = cc.case_identifier inner join pers_brth_dt pb on pb.pers_brth_dt_id = cpb.pers_brth_dt_id where cc.uscis_receipt_number='${USCIS Receipt Number}' and rtc.role_type_description = 'Applicant' and pb.brth_dt=to_date('${Applicant DOB}','YYYY-MM-DD')"
,,"FormI90, FormI821P, FormI821,FormI131,FormN400",,Verify Applicant Birth Location,"1,${Applicant Place Of Birth}","select count(*), p.brth_plce_desc from cis_case cc inner join case_prty_role cpr on cpr.case_id = cc.case_identifier inner join role_typ_cd rtc on cpr.role_typ_cd = rtc.role_type_code_identifier inner join pers p on p.prty_id = cpr.prty_id where cc.uscis_receipt_number='${USCIS Receipt Number}' and rtc.role_type_description = 'Applicant' and p.brth_cntry_cd = (SELECT COALESCE((select brth_cntry_cd from brth_cntry_cd where lckbx_cntry_cd='${Applicant Country Of Birth}'), 'UNKNO') FROM DUAL)  group by p.brth_plce_desc"
,,"FormI90, FormI821P, FormI821D, FormI821,FormI131,FormN400",'${Applicant Country Of Birth}' == 'USA' && '${Applicant State or Province Of Birth}' != '',Verify Applicant State Of Birth,1,"select count(*) from cis_case cc inner join case_prty_role cpr on cpr.case_id = cc.case_identifier inner join role_typ_cd rtc on cpr.role_typ_cd = rtc.role_type_code_identifier inner join pers p on p.prty_id = cpr.prty_id where cc.uscis_receipt_number='${USCIS Receipt Number}' and rtc.role_type_description = 'Applicant' and p.brth_st_cd = (SELECT COALESCE((select st_cd from st_cd where st_cd='${Applicant State or Province Of Birth}' and p.brth_cntry_cd = 'US'), 'XX') FROM DUAL)"
,,"FormI90, FormI821P, FormI821D, FormI821,FormI131,FormN400",'${Applicant Country Of Birth}' != 'USA'  && '${Applicant State or Province Of Birth}' != '',Verify Applicant Province Of Birth,1,select count(*) from cis_case cc inner join case_prty_role cpr on cpr.case_id = cc.case_identifier inner join role_typ_cd rtc on cpr.role_typ_cd = rtc.role_type_code_identifier inner join pers p on p.prty_id = cpr.prty_id where cc.uscis_receipt_number='${USCIS Receipt Number}' and rtc.role_type_description = 'Applicant' and p.brth_prvn_nm = '${Applicant State or Province Of Birth}'
,,"FormI90, FormI821P, FormI821D, FormI821,FormI131",${Applicant Male Indicator} !=  false,Verify Applicant's Sex Male,1,select count(*) from cis_case cc inner join case_prty_role cpr on cpr.case_id = cc.case_identifier inner join role_typ_cd rtc on cpr.role_typ_cd = rtc.role_type_code_identifier inner join pers p on p.prty_id = cpr.prty_id inner join gndr_cd gc on gc.gndr_cd_id = p.gndr_cd where cc.uscis_receipt_number='${USCIS Receipt Number}' and rtc.role_type_description = 'Applicant' and gc.gndr_shrt_desc = 'Male'
,,"FormI90, FormI821P, FormI821D, FormI821,FormI131",${Applicant Female Indicator} != false,Verify Applicant's Sex Female,1,select count(*) from cis_case cc inner join case_prty_role cpr on cpr.case_id = cc.case_identifier inner join role_typ_cd rtc on cpr.role_typ_cd = rtc.role_type_code_identifier inner join pers p on p.prty_id = cpr.prty_id inner join gndr_cd gc on gc.gndr_cd_id = p.gndr_cd where cc.uscis_receipt_number='${USCIS Receipt Number}' and rtc.role_type_description = 'Applicant' and gc.gndr_shrt_desc = 'Female'
,,FormN400,,Verify Applicant's Gender,1,select count(*) from cis_case cc inner join case_prty_role cpr on cpr.case_id = cc.case_identifier inner join role_typ_cd rtc on cpr.role_typ_cd = rtc.role_type_code_identifier inner join pers p on p.prty_id = cpr.prty_id inner join gndr_cd gc on gc.gndr_cd_id = p.gndr_cd where cc.uscis_receipt_number='${USCIS Receipt Number}' and rtc.role_type_description = 'Applicant' and gc.gndr_shrt_desc = 'Female'
,,"FormI90, FormI821P, FormI821D, FormI821, FormI765, FormI601,FormI131,FormN400",'${Applicant Mailing Country}' == 'USA' && '${Applicant Mailing Street}' != '',Verify Applicant's Mailing Address,1,select count(*) from cis_case cc inner join case_prty_role cpr on cpr.case_id = cc.case_identifier inner join role_typ_cd rtc on cpr.role_typ_cd = rtc.role_type_code_identifier inner join cntc cn on cn.prty_id = cpr.prty_id inner join cntc_typ_cd ctc on ctc.cntc_typ_cd = cn.cntc_typ_cd inner join cntc_addr ca on ca.cntc_id = cn.cntc_id inner join addr ad on ad.addr_id = ca.addr_id left outer join addr_typ_cd atc on atc.addr_typ_cd = ad.addr_typ_cd where cc.uscis_receipt_number='${USCIS Receipt Number}' and atc.addr_typ_desc='Mailing Address' and rtc.role_type_description = 'Applicant' and ad.str_addr1_txt=upper('${Applicant Mailing Street}') and ad.cty_nm=upper('${Applicant Mailing City}') and ad.st_cd='${Applicant Mailing State}' and ad.cntry_cd='${Applicant Mailing Country}' and ad.pstl_zip_cd='${Applicant Mailing Zip}'
,,"FormI90, FormI821P, FormI821D, FormI821, FormI765, FormI601,FormI131,FormN400",'${Applicant Physical Country}' == 'USA' && '${Applicant Physical Street}' != '',Verify Applicant's Physical Address,1,select count(*) from cis_case cc inner join case_prty_role cpr on cpr.case_id = cc.case_identifier inner join role_typ_cd rtc on cpr.role_typ_cd = rtc.role_type_code_identifier inner join cntc cn on cn.prty_id = cpr.prty_id inner join cntc_typ_cd ctc on ctc.cntc_typ_cd = cn.cntc_typ_cd inner join cntc_addr ca on ca.cntc_id = cn.cntc_id inner join addr ad on ad.addr_id = ca.addr_id left outer join addr_typ_cd atc on atc.addr_typ_cd = ad.addr_typ_cd where cc.uscis_receipt_number='${USCIS Receipt Number}' and atc.addr_typ_desc='Physical Address' and rtc.role_type_description = 'Applicant' and ad.str_addr1_txt=upper('${Applicant Physical Street}') and ad.cty_nm=upper('${Applicant Physical City}') and ad.st_cd='${Applicant Physical State}' and ad.cntry_cd='${Applicant Physical Country}' and ad.pstl_zip_cd='${Applicant Physical Zip}'
,,"FormI90, FormI821P, FormI821D, FormI821, FormI765, FormI601,FormI131,FormN400",'${Applicant Mailing Country}' != 'USA' && '${Applicant Mailing Street}' != '',Verify Applicant's Mailing Address Foreign,1,"select count(*) from cis_case cc inner join case_prty_role cpr on cpr.case_id = cc.case_identifier inner join role_typ_cd rtc on cpr.role_typ_cd = rtc.role_type_code_identifier inner join cntc cn on cn.prty_id = cpr.prty_id inner join cntc_typ_cd ctc on ctc.cntc_typ_cd = cn.cntc_typ_cd inner join cntc_addr ca on ca.cntc_id = cn.cntc_id inner join addr ad on ad.addr_id = ca.addr_id left outer join addr_typ_cd atc on atc.addr_typ_cd = ad.addr_typ_cd where cc.uscis_receipt_number='${USCIS Receipt Number}' and atc.addr_typ_desc='Mailing Address' and rtc.role_type_description = 'Applicant' and ad.str_addr1_txt=upper('${Applicant Mailing Street}') and ad.cty_nm=upper('${Applicant Mailing City}') and ad.prvn_nm=upper('${Applicant Mailing State}') and ad.cntry_cd=(SELECT COALESCE((select cntry_cd from cntry_cd where cntry_cd='${Applicant Mailing Country}' and mlng_cntry_ind='Y'), 'XXX') FROM DUAL)  and ad.pstl_cd='${Applicant Mailing Zip}'"
,,"FormI90, FormI821P, FormI821D, FormI821, FormI765, FormI601,FormI131,FormN400",'${Applicant Physical Country}' != 'USA' && '${Applicant Physical Street}' != '',Verify Applicant's Physical Address Foreign,1,"select count(*) from cis_case cc inner join case_prty_role cpr on cpr.case_id = cc.case_identifier inner join role_typ_cd rtc on cpr.role_typ_cd = rtc.role_type_code_identifier inner join cntc cn on cn.prty_id = cpr.prty_id inner join cntc_typ_cd ctc on ctc.cntc_typ_cd = cn.cntc_typ_cd inner join cntc_addr ca on ca.cntc_id = cn.cntc_id inner join addr ad on ad.addr_id = ca.addr_id left outer join addr_typ_cd atc on atc.addr_typ_cd = ad.addr_typ_cd where cc.uscis_receipt_number='${USCIS Receipt Number}' and atc.addr_typ_desc='Physical Address' and rtc.role_type_description = 'Applicant' and ad.str_addr1_txt=upper('${Applicant Physical Street}') and ad.cty_nm=upper('${Applicant Physical City}') and ad.prvn_nm=upper('${Applicant Physical State}') and ad.cntry_cd=(SELECT COALESCE((select cntry_cd from cntry_cd where cntry_cd='${Applicant Physical Country}','XXX') FROM DUAL) and ad.pstl_cd='${Applicant Physical Zip}'"
,,"FormI90, FormI821P, FormI821D, FormI821, FormI765, FormI601,FormI131,FormN400",'${Applicant Email}' != '',Verify Applicant's Email,1,select count(*) from cis_case cc inner join case_prty_role cpr on cpr.case_id = cc.case_identifier inner join role_typ_cd rtc on cpr.role_typ_cd = rtc.role_type_code_identifier inner join cntc cn on cn.prty_id = cpr.prty_id inner join email em on em.cntc_id = cn.cntc_id left outer join email_typ_cd etc on etc.email_typ_cd = em.email_type_code where cc.uscis_receipt_number='${USCIS Receipt Number}' and etc.email_typ_desc='Other' and rtc.role_type_description = 'Applicant' and em.email_address=upper('${Applicant Email}') and em.prim_email_ind='Y' and em.delete_ind='N'
,,"FormI90, FormI821P, FormI821D, FormI821, FormI765, FormI601,FormI131,FormN400",'${Applicant Daytime Phone}' != '',Verify Applicant Daytime Phone,1,"select count(*) from cis_case cc inner join case_prty_role cpr on cpr.case_id = cc.case_identifier inner join role_typ_cd rtc on cpr.role_typ_cd = rtc.role_type_code_identifier inner join cntc cn on cn.prty_id = cpr.prty_id inner join phone ph on ph.cntc_id = cn.cntc_id left outer join phone_typ_cd ptc on ptc.phone_typ_cd = ph.phone_type_code where cc.uscis_receipt_number='${USCIS Receipt Number}' and ptc.phone_typ_desc='Daytime' and rtc.role_type_description = 'Applicant' and CONCAT(ph.phone_area_code, ph.phone_number) = '${Applicant Daytime Phone}' and ph.prim_phone_ind='Y' and ph.delete_ind='N'"
,,"FormI90, FormI821P, FormI821D, FormI821, FormI765, FormI601,FormI131,FormN400",'${Applicant Mobile Phone}' != '',Verify Applicant Mobile Phone,1,"select count(*) from cis_case cc inner join case_prty_role cpr on cpr.case_id = cc.case_identifier inner join role_typ_cd rtc on cpr.role_typ_cd = rtc.role_type_code_identifier inner join cntc cn on cn.prty_id = cpr.prty_id inner join phone ph on ph.cntc_id = cn.cntc_id left outer join phone_typ_cd ptc on ptc.phone_typ_cd = ph.phone_type_code where cc.uscis_receipt_number='${USCIS Receipt Number}' and ptc.phone_typ_desc='Cell/Mobile SMS Phone' and rtc.role_type_description = 'Applicant' and CONCAT(ph.phone_area_code, ph.phone_number) = '${Applicant Mobile Phone}' and ph.prim_phone_ind='Y' and ph.delete_ind='N'"
,,"FormI90, FormI821P, FormI821, FormI765, FormI601, FormI131",'${Interpreter Family Name}' != '',Verify Interpreter's Name and Organization Name,"1,${Interpreter Organization Name}","select count(*), cper.affiliate_orgntn_nm from cis_case cc inner join case_prty_role cpr on cpr.case_id = cc.case_identifier inner join role_typ_cd rtc on cpr.role_typ_cd = rtc.role_type_code_identifier inner join pers p on p.prty_id = cpr.prty_id inner join pers_nm pn on pn.prty_id = cpr.prty_id inner join case_pers_role cper on cper.pers_id = p.prty_id where cc.uscis_receipt_number='${USCIS Receipt Number}' and rtc.role_type_description = 'Interpreter' and pn.frst_nm=upper((SELECT COALESCE(NULLIF ('${Interpreter Given Name}', '') , 'NFN') from dual)) and pn.last_nm=upper('${Interpreter Family Name}') group by cper.affiliate_orgntn_nm"
,,FormN400,'${N400 Interpreter Organization Name}' != '',Verify Interpreter's Name and Organization Name,"1,${N400 Interpreter Organization Name}","select count(*), cper.affiliate_orgntn_nm from cis_case cc inner join case_prty_role cpr on cpr.case_id = cc.case_identifier inner join role_typ_cd rtc on cpr.role_typ_cd = rtc.role_type_code_identifier inner join pers p on p.prty_id = cpr.prty_id inner join pers_nm pn on pn.prty_id = cpr.prty_id inner join case_pers_role cper on cper.pers_id = p.prty_id where cc.uscis_receipt_number='${USCIS Receipt Number}' and rtc.role_type_description = 'Interpreter' and pn.frst_nm=upper((SELECT COALESCE(NULLIF ('${Interpreter Given Name}', '') , 'NFN') from dual)) and pn.last_nm=upper('${Interpreter Family Name}') group by cper.affiliate_orgntn_nm"
,,"FormI90, FormI821P, FormI821D, FormI821, FormI765, FormI601, FormI131,FormN400",'${Interpreter Mailing Street}' != '',Verify Interpeter's Mailing Address,1,select count(*) from cis_case cc inner join case_prty_role cpr on cpr.case_id = cc.case_identifier inner join role_typ_cd rtc on cpr.role_typ_cd = rtc.role_type_code_identifier inner join cntc cn on cn.prty_id = cpr.prty_id inner join cntc_typ_cd ctc on ctc.cntc_typ_cd = cn.cntc_typ_cd inner join cntc_addr ca on ca.cntc_id = cn.cntc_id inner join addr ad on ad.addr_id = ca.addr_id left outer join addr_typ_cd atc on atc.addr_typ_cd = ad.addr_typ_cd where cc.uscis_receipt_number='${USCIS Receipt Number}' and atc.addr_typ_desc='Mailing Address' and rtc.role_type_description = 'Interpreter' and ad.str_addr1_txt=upper('${Interpreter Mailing Street}') and ad.cty_nm=upper('${Interpreter Mailing City}') and ad.st_cd='${Interpreter Mailing State}' and ad.cntry_cd='${Interpreter Mailing Country}' and ad.pstl_zip_cd='${Interpreter Mailing Zip}'
,,"FormI90, FormI821P, FormI821D, FormI821, FormI765, FormI601, FormI131,FormN400",'${Interpreter Daytime Phone}' != '',Verify Interpreter's Daytime Phone,1,"select count(*) from cis_case cc inner join case_prty_role cpr on cpr.case_id = cc.case_identifier inner join role_typ_cd rtc on cpr.role_typ_cd = rtc.role_type_code_identifier inner join cntc cn on cn.prty_id = cpr.prty_id inner join phone ph on ph.cntc_id = cn.cntc_id left outer join phone_typ_cd ptc on ptc.phone_typ_cd = ph.phone_type_code where cc.uscis_receipt_number='${USCIS Receipt Number}' and ptc.phone_typ_desc='Daytime' and rtc.role_type_description = 'Interpreter' and CONCAT(ph.phone_area_code, ph.phone_number) = '${Interpreter Daytime Phone}' and ph.prim_phone_ind='Y' and ph.delete_ind='N'"
,,"FormI90, FormI821P, FormI821D, FormI821, FormI765, FormI601, FormI131,FormN400",'${Interpreter Email}' != '',Verify Interpreter's Email,1,select count(*) from cis_case cc inner join case_prty_role cpr on cpr.case_id = cc.case_identifier inner join role_typ_cd rtc on cpr.role_typ_cd = rtc.role_type_code_identifier inner join cntc cn on cn.prty_id = cpr.prty_id inner join email em on em.cntc_id = cn.cntc_id left outer join email_typ_cd etc on etc.email_typ_cd = em.email_type_code where cc.uscis_receipt_number='${USCIS Receipt Number}' and etc.email_typ_desc='Other' and rtc.role_type_description = 'Interpreter' and em.email_address=upper('${Interpreter Email}') and em.prim_email_ind='Y' and em.delete_ind='N'
,Y,FormN400,'${Interpreter Language}' != '',Verify Interpeter Language,1,"select count(*),cper.intrptr_lang_nm from cis_case cc inner join case_prty_role cpr on cpr.case_id = cc.case_identifier inner join role_typ_cd rtc on cpr.role_typ_cd = rtc.role_type_code_identifier inner join pers p on p.prty_id = cpr.prty_id inner join case_pers_role cper on cper.pers_id = p.prty_id where cc.uscis_receipt_number='${USCIS Receipt Number}'and rtc.role_type_description = 'Interpreter' and intrptr_lang_nm = '${Interpreter Language}' group by cper.intrptr_lang_nm"
,,"FormI90, FormI821P, FormI821D, FormI821, FormI601, FormI131",'${Preparer Family Name}' != '',Verify Preparer's Name and Organization Name,"1,${Preparer Organization Name}","select count(*), cper.affiliate_orgntn_nm from cis_case cc inner join case_prty_role cpr on cpr.case_id = cc.case_identifier inner join role_typ_cd rtc on cpr.role_typ_cd = rtc.role_type_code_identifier inner join pers p on p.prty_id = cpr.prty_id inner join pers_nm pn on pn.prty_id = cpr.prty_id inner join case_pers_role cper on cper.pers_id = p.prty_id where cc.uscis_receipt_number='${USCIS Receipt Number}' and rtc.role_type_description = 'Preparer' and pn.frst_nm=upper((SELECT COALESCE(NULLIF ('${Preparer Given Name}', '') , 'NFN') from dual)) and pn.last_nm=upper('${Preparer Family Name}') group by cper.affiliate_orgntn_nm"
,,FormN400,'${N400 Preparer Organization Name}' != '',Verify Preparer's Name and Organization Name,"1,${N400 Preparer Organization Name}","select count(*), cper.affiliate_orgntn_nm from cis_case cc inner join case_prty_role cpr on cpr.case_id = cc.case_identifier inner join role_typ_cd rtc on cpr.role_typ_cd = rtc.role_type_code_identifier inner join pers p on p.prty_id = cpr.prty_id inner join pers_nm pn on pn.prty_id = cpr.prty_id inner join case_pers_role cper on cper.pers_id = p.prty_id where cc.uscis_receipt_number='${USCIS Receipt Number}' and rtc.role_type_description = 'Preparer' and pn.frst_nm=upper((SELECT COALESCE(NULLIF ('${Preparer Given Name}', '') , 'NFN') from dual)) and pn.last_nm=upper('${Preparer Family Name}') group by cper.affiliate_orgntn_nm"
,,"FormI90, FormI821P, FormI821D, FormI821, FormI601, FormI131,FormN400",'${Preparer Mailing Street}' != '',Verify Preparer's Mailing Address,1,select count(*) from cis_case cc inner join case_prty_role cpr on cpr.case_id = cc.case_identifier inner join role_typ_cd rtc on cpr.role_typ_cd = rtc.role_type_code_identifier inner join cntc cn on cn.prty_id = cpr.prty_id inner join cntc_typ_cd ctc on ctc.cntc_typ_cd = cn.cntc_typ_cd inner join cntc_addr ca on ca.cntc_id = cn.cntc_id inner join addr ad on ad.addr_id = ca.addr_id left outer join addr_typ_cd atc on atc.addr_typ_cd = ad.addr_typ_cd where cc.uscis_receipt_number='${USCIS Receipt Number}' and atc.addr_typ_desc='Mailing Address' and rtc.role_type_description = 'Preparer' and ad.str_addr1_txt=upper('${Preparer Mailing Street}') and ad.cty_nm=upper('${Preparer Mailing City}') and ad.st_cd='${Preparer Mailing State}' and ad.cntry_cd='${Preparer Mailing Country}' and ad.pstl_zip_cd='${Preparer Mailing Zip}'
,,"FormI90, FormI821P, FormI821D, FormI821, FormI601, FormI131,FormN400",'${Preparer Daytime Phone}' != '',Verify Preparer's Daytime Phone,1,"select count(*) from cis_case cc inner join case_prty_role cpr on cpr.case_id = cc.case_identifier inner join role_typ_cd rtc on cpr.role_typ_cd = rtc.role_type_code_identifier inner join cntc cn on cn.prty_id = cpr.prty_id inner join phone ph on ph.cntc_id = cn.cntc_id left outer join phone_typ_cd ptc on ptc.phone_typ_cd = ph.phone_type_code where cc.uscis_receipt_number='${USCIS Receipt Number}' and ptc.phone_typ_desc='Daytime' and rtc.role_type_description = 'Preparer' and CONCAT(ph.phone_area_code, ph.phone_number) = '${Preparer Daytime Phone}' and ph.prim_phone_ind='Y' and ph.delete_ind='N'"
,,"FormI90, FormI821P, FormI821D, FormI821, FormI601, FormI131,FormN400",'${Preparer Fax}' != '',Verify Preparer's Fax,1,"select count(*) from cis_case cc inner join case_prty_role cpr on cpr.case_id = cc.case_identifier inner join role_typ_cd rtc on cpr.role_typ_cd = rtc.role_type_code_identifier inner join cntc cn on cn.prty_id = cpr.prty_id inner join phone ph on ph.cntc_id = cn.cntc_id left outer join phone_typ_cd ptc on ptc.phone_typ_cd = ph.phone_type_code where cc.uscis_receipt_number='${USCIS Receipt Number}' and ptc.phone_typ_desc='Fax' and rtc.role_type_description = 'Preparer' and CONCAT(ph.phone_area_code, ph.phone_number) = '${Preparer Daytime Phone}' and ph.prim_phone_ind='Y' and ph.delete_ind='N'"
,,"FormI90, FormI821P, FormI821D, FormI821, FormI601, FormI131,FormN400",'${Preparer Email}' != '',Verify Preparer's Email,1,select count(*) from cis_case cc inner join case_prty_role cpr on cpr.case_id = cc.case_identifier inner join role_typ_cd rtc on cpr.role_typ_cd = rtc.role_type_code_identifier inner join cntc cn on cn.prty_id = cpr.prty_id inner join email em on em.cntc_id = cn.cntc_id left outer join email_typ_cd etc on etc.email_typ_cd = em.email_type_code where cc.uscis_receipt_number='${USCIS Receipt Number}' and etc.email_typ_desc='Other' and rtc.role_type_description = 'Preparer' and em.email_address=upper('${Preparer Email}') and em.prim_email_ind='Y' and em.delete_ind='N'
,,FormI821D,,Verify Preparer's Signature Date,${Preparer Signature Date},"SELECT to_char(ss.prprr_sig_dt, 'YYYY-MM-DD') FROM cis_case cc INNER JOIN case_prty_role cpr ON cpr.case_id = cc.case_identifier  INNER JOIN role_typ_cd rtc ON cpr.role_typ_cd = rtc.role_type_code_identifier INNER JOIN snpsht_sig ss ON ss.bnft_req_id = cc.benefit_request_identifier WHERE rtc.role_type_description = 'Preparer' AND cc.uscis_receipt_number='${USCIS Receipt Number}'"
,,"FormI90, FormI821P, FormI821D, FormI821, FormI765, FormI601, FormI131",,Verify Fee Amount,${Amount Paid},select fee.pmnt_amt from fee_pmnt fee inner join bnft_req benefit on fee.bnft_req_id = benefit.bnft_req_id where benefit.uscis_rcpt_nbr='${USCIS Receipt Number}'
,,"FormI90, FormI821P, FormI821D, FormI821, FormI765, FormI601, FormI131",,Verify Bank Transaction Type,${Bank Transaction Type},select fee.lb_trans_type_cd from fee_pmnt fee inner join bnft_req benefit on fee.bnft_req_id = benefit.bnft_req_id where benefit.uscis_rcpt_nbr='${USCIS Receipt Number}'
,,"FormI90, FormI821P, FormI821D, FormI821, FormI765, FormI601, FormI131",,Verify Bank Receipt Number,${Bank Receipt Number},select fee.external_fin_sys_ref from fee_pmnt fee inner join bnft_req benefit on fee.bnft_req_id = benefit.bnft_req_id where benefit.uscis_rcpt_nbr='${USCIS Receipt Number}'
,,"FormI90, FormI821P, FormI821D, FormI821, FormI765, FormI601, FormI131",,Verify Remittance Type Code,${Remittance Type},select fee.remittance_type_cd from fee_pmnt fee inner join bnft_req benefit on fee.bnft_req_id = benefit.bnft_req_id where benefit.uscis_rcpt_nbr='${USCIS Receipt Number}'
This should check regardless if we have race code or not,,"FormI90, FormI821P, FormI821D, FormI821, FormI765, FormI601,FormN400",'${Applicant Race 1}' != '',Verify Applicant Race 1,1,"select count(*) from cis_case cc inner join case_prty_role cpr on cpr.case_id = cc.case_identifier inner join role_typ_cd rtc on cpr.role_typ_cd = rtc.role_type_code_identifier inner join pers p on p.prty_id = cpr.prty_id inner join pers_race pr on pr.prty_id = p.prty_id inner join race_cd race on race.race_cd_id = pr.race_cd_id where cc.uscis_receipt_number='${USCIS Receipt Number}' and rtc.role_type_description = 'Applicant' and race.race_cd_id = (SELECT COALESCE((select race_cd_id from race_cd where race_lckbx_cd='${Applicant Race 1}'), -1) FROM DUAL)"
,,"FormI90, FormI821P, FormI821D, FormI821, FormI765, FormI601,FormN400",'${Applicant Race 2}' != '',Verify Applicant Race 2,1,"select count(*) from cis_case cc inner join case_prty_role cpr on cpr.case_id = cc.case_identifier inner join role_typ_cd rtc on cpr.role_typ_cd = rtc.role_type_code_identifier inner join pers p on p.prty_id = cpr.prty_id inner join pers_race pr on pr.prty_id = p.prty_id inner join race_cd race on race.race_cd_id = pr.race_cd_id where cc.uscis_receipt_number='${USCIS Receipt Number}' and rtc.role_type_description = 'Applicant' and race.race_cd_id = (SELECT COALESCE((select race_cd_id from race_cd where race_lckbx_cd='${Applicant Race 2}'), -1) FROM DUAL)"
,,"FormI90, FormI821P, FormI821D, FormI821,FormN400",'${Applicant Ethnicity}' == '',Verify Biometrics,1,"select count(*) from cis_case cc inner join case_prty_role cpr on cpr.case_id = cc.case_identifier inner join role_typ_cd rtc on cpr.role_typ_cd = rtc.role_type_code_identifier inner join pers p on p.prty_id = cpr.prty_id inner join eye_color_cd eye on eye.eye_color_cd_id = p.eye_color_cd inner join hair_color_cd hc on hc.hair_color_cd_id = p.hair_color_cd where cc.uscis_receipt_number='${USCIS Receipt Number}' and rtc.role_type_description = 'Applicant' and eye.eye_color_cd_id = (SELECT COALESCE((select eye_color_cd_id from eye_color_cd where eye_color_lckbx_cd='${Applicant Eye Color}'), -1) FROM DUAL) and hc.hair_color_cd_id = (SELECT COALESCE((select hair_color_cd_id from hair_color_cd where hair_color_lckbx_cd='${Applicant Hair Color}'), -1) FROM DUAL) and p.ethnicity_cd IS NULL and p.hgt_inchs_meas = (SELECT COALESCE(NULLIF('${Applicant Height}',''), '0') FROM DUAL) and p.wgt_lbs_wgt = (SELECT COALESCE(NULLIF('${Applicant Weight}',''), '0') FROM DUAL)"
,,"FormI90, FormI821P, FormI821D, FormI821,FormN400",'${Applicant Ethnicity}' != '',Verify Biometrics,1,"select count(*) from cis_case cc inner join case_prty_role cpr on cpr.case_id = cc.case_identifier inner join role_typ_cd rtc on cpr.role_typ_cd = rtc.role_type_code_identifier inner join pers p on p.prty_id = cpr.prty_id inner join eye_color_cd eye on eye.eye_color_cd_id = p.eye_color_cd inner join hair_color_cd hc on hc.hair_color_cd_id = p.hair_color_cd where cc.uscis_receipt_number='${USCIS Receipt Number}' and rtc.role_type_description = 'Applicant' and eye.eye_color_cd_id = (SELECT COALESCE((select eye_color_cd_id from eye_color_cd where eye_color_lckbx_cd='${Applicant Eye Color}'), -1) FROM DUAL) and hc.hair_color_cd_id = (SELECT COALESCE((select hair_color_cd_id from hair_color_cd where hair_color_lckbx_cd='${Applicant Hair Color}'), -1) FROM DUAL) and p.ethnicity_cd = (select ethnic_cd_id from ethnicity_cd where ethnic_alt_cd='${Applicant Ethnicity}') and p.hgt_inchs_meas = (SELECT COALESCE(NULLIF('${Applicant Height}',''), '0') FROM DUAL) and p.wgt_lbs_wgt = (SELECT COALESCE(NULLIF('${Applicant Weight}',''), '0') FROM DUAL)"
,,"FormI90, FormI821P, FormI821D, FormI821,FormN400",'${Applicant Alien Number}' != '',Verify Alien Number,1,select count(*) from cis_case cc inner join case_prty_role cpr on cpr.case_id = cc.case_identifier inner join role_typ_cd rtc on cpr.role_typ_cd = rtc.role_type_code_identifier inner join pers p on p.prty_id = cpr.prty_id inner join aln_nbr an on an.prty_id = cpr.prty_id where cc.uscis_receipt_number='${USCIS Receipt Number}' and rtc.role_type_description = 'Applicant' and an.aln_nbr_prim_ind = 'Y' and an.delete_ind = 'N' and an.aln_nbr = '${Applicant Alien Number}'
,,"FormI90, FormI821P, FormI821D, FormI821,FormN400",'${Applicant SSN}' != '',Verify SSN Number,1,select count(*) from cis_case cc inner join case_prty_role cpr on cpr.case_id = cc.case_identifier inner join role_typ_cd rtc on cpr.role_typ_cd = rtc.role_type_code_identifier inner join pers p on p.prty_id = cpr.prty_id inner join pers_idtn pid on pid.pers_id = p.prty_id where cc.uscis_receipt_number='${USCIS Receipt Number}' and rtc.role_type_description = 'Applicant' and pid.idtn_typ_cd = '002' and pid.pers_idnt_val_txt = '${Applicant SSN}'
,,"FormI90, FormI821P, FormI821D, FormI821, FormI765, FormI601,FormN400",'${Applicant ELIS Account Number}' != '',Verify Declared Account Number,1,select count(*) from cis_case cc inner join case_prty_role cpr on cpr.case_id = cc.case_identifier inner join role_typ_cd rtc on cpr.role_typ_cd = rtc.role_type_code_identifier inner join pers p on p.prty_id = cpr.prty_id inner join imgrtn_acct ia on ia.prty_id = p.prty_id where cc.uscis_receipt_number='${USCIS Receipt Number}' and rtc.role_type_description = 'Applicant' and ia.applcnt_provided_imm_acct_id = '${Applicant ELIS Account Number}'
,,"FormI821P, FormI821D, FormI821, FormI765, FormI601,FormN400",'${Applicant Other Family Name}' != '' || '${Applicant Other Given Name}' != '',Verify Applicant Other Name,1,select count(*) from cis_case cc inner join case_prty_role cpr on cpr.case_id = cc.case_identifier inner join role_typ_cd rtc on cpr.role_typ_cd = rtc.role_type_code_identifier inner join pers p on p.prty_id = cpr.prty_id inner join pers_nm pn on pn.prty_id = cpr.prty_id where cc.uscis_receipt_number='${USCIS Receipt Number}'and rtc.role_type_description = 'Applicant' and pn.pers_nm_usg_cd = 4 and pn.frst_nm=upper('${Applicant Other Given Name}') and pn.last_nm=upper('${Applicant Other Family Name}')
,,FormI90,'${Applicant Other Family Name}' != '' || '${Applicant Other Given Name}' != '',Verify Applicant Other Name,1,select count(*) from cis_case cc inner join case_prty_role cpr on cpr.case_id = cc.case_identifier inner join role_typ_cd rtc on cpr.role_typ_cd = rtc.role_type_code_identifier inner join pers p on p.prty_id = cpr.prty_id inner join pers_nm pn on pn.prty_id = cpr.prty_id where cc.uscis_receipt_number='${USCIS Receipt Number}'and rtc.role_type_description = 'Applicant' and pn.pers_nm_usg_cd = 4 and pn.frst_nm=upper('${Applicant Other Given Name}') and pn.last_nm=upper('${Applicant Other Family Name}')
,,FormI90,'${Applicant Fathers Name}' != '' || '${Applicant Mothers Name}' != '',Verify Father or Mother First Names,1,select count(*) from cis_case cc where cc.uscis_receipt_number='${USCIS Receipt Number}' and cc.father_first_name=upper('${Applicant Fathers Name}') and cc.mother_first_name=upper('${Applicant Mothers Name}')
The following aren't set for I90 case_elgblty_detl.CASE_ELGBLTY_TYP_CD and case_elgblty_imgrnt_stus.BNFT_TYP_CD,,FormI90,,Verify Admission Record,"1,${Visa Applied Location},${Visa Granted Location},${Commuter Port Of Entry}","select count(*), ceis.iv_aos_apld_lctn_txt, ceis.iv_aos_grntd_lctn_txt, ceis.admsn_poe from cis_case cc inner join case_elgblty_imgrnt_stus ceis on cc.case_identifier = ceis.case_id where cc.uscis_receipt_number='${USCIS Receipt Number}' and ceis.dest_st_cd=(SELECT COALESCE((select st_cd from st_cd where st_cd=upper('${Destination State Code}')), 'XX') FROM DUAL) and ceis.imgrtn_cls_cd='${Class Of Admission}' and ceis.admsn_dt=to_date('${Date Of Admission}','YYYY-MM-DD') and ceis.admsn_poe='${Commuter Port Of Entry}' group by ceis.iv_aos_apld_lctn_txt, ceis.iv_aos_grntd_lctn_txt, ceis.admsn_poe"
,,FormI90,,Verify Admission POE,"1,${Port Of Entry}","select count(*), pt.arvl_poe_cd from bnft_req br inner join pers_trvl pt on br.app_prty_id = pt.pers_id where br.uscis_rcpt_nbr='${USCIS Receipt Number}' and pt.arvl_poe_cd='${Port Of Entry}' group by pt.arvl_poe_cd"
Identity Resolution does weird stuff,Y,FormG28,,Verify Attorney State License ID,${Attorney State License ID},select lic.atty_us_lic_nbr from cis_case cc inner join case_prty_role cpr on cpr.case_id = cc.case_identifier inner join role_typ_cd rtc on cpr.role_typ_cd = rtc.role_type_code_identifier inner join pers p on p.prty_id = cpr.prty_id inner join atty on p.prty_id = atty.atty_id inner join atty_us_lic lic on atty.atty_id = lic.atty_id where cc.uscis_receipt_number='${USCIS Receipt Number}' and rtc.role_type_description = 'Attorney'
I131ApplicationReason,,FormI131,,Verify Application Reason,1,"SELECT count(*) from BNFT_REQ BR, CIS_CASE CC  WHERE BR.BNFT_REQ_ID = CC.BENEFIT_REQUEST_IDENTIFIER and BR.BNFT_TYP_CD = 23 and cc.uscis_receipt_number='${USCIS Receipt Number}'"
,,FormI90Rejected,,Verify Rejected Case data,"${USCIS Receipt Number},I-90,${Applicant Legal Given Name},${Applicant Legal Family Name},${Applicant DOB},${Applicant Alien Number},${Bank Receipt Number},${Bank Transaction Number}","select uscis_rcpt_nbr, frm_nbr, frst_nm, last_nm, to_char(brth_dt,'YYYY-MM-DD'), aln_nbr, ext_fin_system_receipt_no, ext_trans_id from bnft_req_rjct where uscis_rcpt_nbr = '${USCIS Receipt Number}'"
I131Part3Q3a,,FormI131,,I131Part3Q3a,1,SELECT count(*) FROM CASE_QUESTN_RESP WHERE  (BNFT_QUESTN_ID = 2224 OR BNFT_QUESTN_ID = 301) AND  CASE_ID = (SELECT CC.CASE_IDENTIFIER FROM CIS_CASE CC WHERE CC.uscis_receipt_number='${USCIS Receipt Number}' )
I131Part3Q3b,,FormI131,,I131Part3Q3b,1,SELECT count(*) FROM CASE_QUESTN_RESP WHERE   (BNFT_QUESTN_ID = 302 OR BNFT_QUESTN_ID = 2225) AND  CASE_ID = (SELECT CC.CASE_IDENTIFIER FROM CIS_CASE CC WHERE CC.uscis_receipt_number='${USCIS Receipt Number}' )
I131Part3Q4a,,FormI131,,I131Part3Q4a,1,SELECT count(*) FROM CASE_QUESTN_RESP WHERE   (BNFT_QUESTN_ID = 303 OR BNFT_QUESTN_ID = 2226) AND  CASE_ID = (SELECT CC.CASE_IDENTIFIER FROM CIS_CASE CC WHERE CC.uscis_receipt_number='${USCIS Receipt Number}' )
I131Part3Q4b,,FormI131,,I131Part3Q4b,1,SELECT count(*) FROM CASE_QUESTN_RESP WHERE   (BNFT_QUESTN_ID = 304 OR BNFT_QUESTN_ID = 2227) AND  CASE_ID = (SELECT CC.CASE_IDENTIFIER FROM CIS_CASE CC WHERE CC.uscis_receipt_number='${USCIS Receipt Number}' )
I131Part3Q4c,,FormI131,,I131Part3Q4c,1,SELECT count(*) FROM CASE_QUESTN_RESP WHERE   (BNFT_QUESTN_ID = 305 OR BNFT_QUESTN_ID = 2228) AND  CASE_ID = (SELECT CC.CASE_IDENTIFIER FROM CIS_CASE CC WHERE CC.uscis_receipt_number='${USCIS Receipt Number}' )
I131Part6Q2,,FormI131,,I131Part6Q2,1,SELECT count(*) FROM CASE_QUESTN_RESP WHERE   (BNFT_QUESTN_ID = 337 OR BNFT_QUESTN_ID = 2260) AND  CASE_ID = (SELECT CC.CASE_IDENTIFIER FROM CIS_CASE CC WHERE CC.uscis_receipt_number='${USCIS Receipt Number}' )
I131Part6Q3a,,FormI131,,I131Part6Q3a,1,SELECT count(*) FROM CASE_QUESTN_RESP WHERE   (BNFT_QUESTN_ID = 2262 OR BNFT_QUESTN_ID = 339) AND  CASE_ID = (SELECT CC.CASE_IDENTIFIER FROM CIS_CASE CC WHERE CC.uscis_receipt_number='${USCIS Receipt Number}' )
I131Part6Q3b,,FormI131,,I131Part6Q3b,1,SELECT count(*) FROM CASE_QUESTN_RESP WHERE   (BNFT_QUESTN_ID = 2263 OR BNFT_QUESTN_ID = 340) AND  CASE_ID = (SELECT CC.CASE_IDENTIFIER FROM CIS_CASE CC WHERE CC.uscis_receipt_number='${USCIS Receipt Number}' )
I131Part6Q3c,,FormI131,,I131Part6Q4a,1,SELECT count(*) FROM CASE_QUESTN_RESP WHERE   (BNFT_QUESTN_ID = 2264 OR BNFT_QUESTN_ID = 341) AND  CASE_ID = (SELECT CC.CASE_IDENTIFIER FROM CIS_CASE CC WHERE CC.uscis_receipt_number='${USCIS Receipt Number}' )
I131Part6Q4a,,FormI131,,I131Part6Q4a,1,SELECT count(*) FROM CASE_QUESTN_RESP WHERE   (BNFT_QUESTN_ID = 2266 OR BNFT_QUESTN_ID = 343) AND  CASE_ID = (SELECT CC.CASE_IDENTIFIER FROM CIS_CASE CC WHERE CC.uscis_receipt_number='${USCIS Receipt Number}' )
I131Part6Q4b,,FormI131,,I131Part6Q4b,1,SELECT count(*) FROM CASE_QUESTN_RESP WHERE   (BNFT_QUESTN_ID = 2267 OR BNFT_QUESTN_ID = 344) AND  CASE_ID = (SELECT CC.CASE_IDENTIFIER FROM CIS_CASE CC WHERE CC.uscis_receipt_number='${USCIS Receipt Number}' )
I131Part6Q4b,,FormI131,,I131Part6Q4b,1,SELECT count(*) FROM CASE_QUESTN_RESP WHERE   (BNFT_QUESTN_ID = 2268 OR BNFT_QUESTN_ID = 345) AND  CASE_ID = (SELECT CC.CASE_IDENTIFIER FROM CIS_CASE CC WHERE CC.uscis_receipt_number='${USCIS Receipt Number}' )
N400Part8NumOrgs,,FormN400,,Verify organization count for applicant,3,select count(*) from case_pers_emplmt where prty_id = (select app_prty_id from bnft_req where uscis_rcpt_nbr = '${USCIS Receipt Number}')
N400Part8FirstOrg,,FormN400,,Verify first organization name,${N400Part8FirstOrg},select orgntn_nm from orgntn where orgntn_id = (select orgntn_id from case_pers_emplmt where occup_cls_cd = '${N400Part8Occupation}' and prty_id = (select app_prty_id from bnft_req where uscis_rcpt_nbr = '${USCIS Receipt Number}'))
N400Part10Q1,,FormN400,'${N400Part10Q1}' != '',Verify Marital Status Field is Mapped,Married,select ms.mrtl_stus_desc from pers p inner join mrtl_stus_cd ms on ms.MRTL_STUS_CD = p.MRTL_STUS_CD where prty_id = (select app_prty_id from bnft_req where uscis_rcpt_nbr = '${USCIS Receipt Number}')
N400Part10Q2,,FormN400,'${N400Part10Q2}' != '',Verify spouse member of US Armed Forces,N,select US_MIL_MBR_IND from pers where prty_id = (select prty_id from case_prty_role where role_typ_cd = '21' and case_id = (select case_identifier from cis_case where uscis_receipt_number = '${USCIS Receipt Number}'))
N400Part10Q3,,FormN400,'${N400Part10Q3}' != '',Verify number of marriages for applicant,2,select mrrg_nbr from case_pers_biogphc where pers_id = (select app_prty_id from bnft_req where uscis_rcpt_nbr = '${USCIS Receipt Number}')
N400Part10Q4-A-LN,,FormN400,'${N400Part10Q4-A-LN}' != '',Verify legal last name of current spouse,${N400Part10Q4-A-LN},select last_nm from pers_nm where pers_nm_usg_cd = '1' and prty_id = (select prty_id from case_prty_role where role_typ_cd = '21' and case_id = (select case_identifier from cis_case where uscis_receipt_number = '${USCIS Receipt Number}'))
N400Part10Q4-B-LN,,FormN400,'${N400Part10Q4-B-FN}' != '',Verify previous legal first name of current spouse,${N400Part10Q4-B-FN},select frst_nm from pers_nm where pers_nm_usg_cd = '8' and prty_id = (select prty_id from case_prty_role where role_typ_cd = '21' and case_id = (select case_identifier from cis_case where uscis_receipt_number = '${USCIS Receipt Number}'))
N400Part10Q4-C-LN,,FormN400,'${N400Part10Q4-C-LN}' != '',Verify other last name of current spouse,${N400Part10Q4-C-LN},select last_nm from pers_nm where pers_nm_usg_cd = '6' and prty_id = (select prty_id from case_prty_role where role_typ_cd = '21' and case_id = (select case_identifier from cis_case where uscis_receipt_number = '${USCIS Receipt Number}'))
N400Part10Q5,,FormN400,'${N400Part10Q5}' != '',Verify current spouse citizen indicator,USA,select CTZNSHP_CNTRY_CD from pers_ctznshp where prty_id = (select prty_id from case_prty_role where role_typ_cd = '21' and case_id = (select case_identifier from cis_case where uscis_receipt_number = '${USCIS Receipt Number}'))
N400Part10Q8,,FormN400,'${N400Part10Q8}' != '',Verify number of times current spouse has been married,${N400Part10Q8},select mrrg_nbr from pers where prty_id = (select prty_id from case_prty_role where role_typ_cd = '21' and case_id = (select case_identifier from cis_case where uscis_receipt_number = '${USCIS Receipt Number}'))
N400Part10Q8A-LN,,FormN400,'${N400Part10Q8A-LN}' != '',Verify last name of current spouse prior spouse,${N400Part10Q8A-LN},select last_nm from pers_nm where prty_id = (select prty_id from case_prty_role where role_typ_cd = '29' and case_id = (select case_identifier from cis_case where uscis_receipt_number = '${USCIS Receipt Number}'))
N400Part10Q8B,,FormN400,'${N400Part10Q8B}' != '',Verify spouses prior spouse immigration status,${N400Part10Q8B},select imgrtn_stus_cd from pers where prty_id = (select prty_id from case_prty_role where role_typ_cd = '29' and case_id = (select case_identifier from cis_case where uscis_receipt_number = '${USCIS Receipt Number}'))
N400Part10Q8C,,FormN400,'${N400Part10Q8C}' != '',Verify spouses prior spouse DOB,${N400Part10Q8C},"select to_char(brth_dt, 'YYYY-MM-DD') from pers_brth_dt where pers_id = (select prty_id from case_prty_role where role_typ_cd = '29' and case_id = (select case_identifier from cis_case where uscis_receipt_number = '${USCIS Receipt Number}'))"
N400Part10Q8F,,FormN400,'${N400Part10Q8F}' != '',Verify spouses prior spouse marriage date,${N400Part10Q8F},"select to_char(rltnshp_beg_dt, 'YYYY-MM-DD') from rltnshp where prty_id = (select prty_id from case_prty_role where role_typ_cd = '21' and case_id = (select case_identifier from cis_case where uscis_receipt_number = '${USCIS Receipt Number}')) and rltd_prty_id = (select prty_id from case_prty_role where role_typ_cd = '29' and case_id = (select case_identifier from cis_case where uscis_receipt_number = '${USCIS Receipt Number}'))"
N400Part10Q9A-LN,,FormN400,'${N400Part10Q9A-LN}' != '',Verify applicant prior spouse last name,${N400Part10Q9A-LN},select last_nm from pers_nm where pers_nm_usg_cd = '1' and prty_id = (select prty_id from case_prty_role where role_typ_cd = '28' and case_id = (select case_identifier from cis_case where uscis_receipt_number = '${USCIS Receipt Number}'))
N400Part10Q9H,,FormN400,'${N400Part10Q9H}' != '',Verify applicant prior spouse marriage end reason,Divorced,"select a.rltnshp_end_rsn_desc from rltnshp b, rltnshp_end_rsn_cd a where b.RLTNSHP_END_RSN_CD = a.RLTNSHP_END_RSN_CD and prty_id = (select prty_id from case_prty_role where role_typ_cd = '1' and case_id = (select case_identifier from cis_case where uscis_receipt_number = '${USCIS Receipt Number}')) and b.rltd_prty_id = (select prty_id from case_prty_role where role_typ_cd = '28' and case_id = (select case_identifier from cis_case where uscis_receipt_number = '${USCIS Receipt Number}')) "
N400Part11Q1,,FormN400,'${N400Part11Q1}' != '',Verify applicant number of children,2,select count(*) from case_prty_role where case_id = (select case_identifier from cis_case where uscis_receipt_number = '${USCIS Receipt Number}') and role_typ_cd = '4'
N400Part11Q2-A-FN-and-LN,,FormN400,'${N400Part11Q2-A-FN}' != '',Verify first name of one child,1,select count(*) from pers_nm where frst_nm = '${N400Part11Q2-A-FN}' and last_nm = '${N400Part11Q2-A-LN}' and prty_id in (select prty_id from case_prty_role where case_id = (select case_identifier from cis_case where uscis_receipt_number = '${USCIS Receipt Number}') and role_typ_cd = '4')
N400Part12Q2,,FormN400,'${N400Part12Q2}' != '',Verify No Indicator,1,"SELECT count(*) FROM CASE_QUESTN_RESP WHERE BNFT_QUESTN_ID IN (1894, 1701,838) AND QUESTN_RESP_IND = 'N' AND CASE_ID = (SELECT CC.CASE_IDENTIFIER FROM CIS_CASE CC WHERE CC.uscis_receipt_number='${USCIS Receipt Number}' )"
N400Part12Q9A,,FormN400,'${N400Part12Q9A}' != '',Verify Yes Indicator,1,"SELECT count(*) FROM CASE_QUESTN_RESP WHERE BNFT_QUESTN_ID IN (1903,1710,847) AND QUESTN_RESP_IND = 'Y' AND CASE_ID = (SELECT CC.CASE_IDENTIFIER FROM CIS_CASE CC WHERE CC.uscis_receipt_number='${USCIS Receipt Number}' )"
N400Part12Q9B_Name,,FormN400,'${N400Part12Q9B_Name}' != '',Verify membership response,1,SELECT count(*) FROM ORGNTN_CLUB_SOCTY_RESP WHERE GRP_NM = '${N400Part12Q9B_Name}' and ORGNTN_CLUB_SOCTY_RESP_ID in (SELECT ORGNTN_CLUB_SOCTY_RESP_ID FROM ORGNTN_CLUB_SOCTY_RESP WHERE CASE_QUESTN_RESP_ID = (SELECT CASE_QUESTN_RESP_ID FROM CASE_QUESTN_RESP WHERE CASE_ID = (select CASE_IDENTIFIER from CIS_CASE where USCIS_RECEIPT_NUMBER = '${USCIS Receipt Number}') AND BNFT_QUESTN_ID = 848)); 
N400Part12Q9B_DateFrom,,FormN400,,Verify membership from date,${N400Part12Q9B_DateFrom},"SELECT to_char(MBRSHP_DT_FROM, 'YYYY-MM-DD') from ORGNTN_CLUB_SOCTY_RESP WHERE GRP_NM = '${N400Part12Q9B_Name}' and ORGNTN_CLUB_SOCTY_RESP_ID IN (SELECT ORGNTN_CLUB_SOCTY_RESP_ID FROM ORGNTN_CLUB_SOCTY_RESP WHERE CASE_QUESTN_RESP_ID = (SELECT CASE_QUESTN_RESP_ID FROM CASE_QUESTN_RESP WHERE CASE_ID = (select CASE_IDENTIFIER from CIS_CASE where USCIS_RECEIPT_NUMBER = '${USCIS Receipt Number}') AND BNFT_QUESTN_ID = 848)) "
N400Part12Q29arrestReason,,FormN400,,Verify arrest reason,${N400Part12Q29arrestReason},"SELECT ARSTED_RSN_TXT FROM ARSTED_RESP WHERE ARSTED_RESP_ID = (SELECT ARSTED_RESP_ID FROM ARSTED_RESP WHERE ARSTED_DT = to_date('${N400Part12Q29arrestDate}','YYYY-MM-DD') and CASE_QUESTN_RESP_ID = (SELECT CASE_QUESTN_RESP_ID FROM CASE_QUESTN_RESP WHERE CASE_ID = (select CASE_IDENTIFIER from CIS_CASE where USCIS_RECEIPT_NUMBER = '${USCIS Receipt Number}') AND BNFT_QUESTN_ID IN (1782, 919, 1975)))"
I765P1Q11office,,FormI765,'${I765P1Q11office}' != '',I765P1Q11office,${I765P1Q11office},"select CEE.uscis_offc_txt FROM cis_case CC, case_elgblty_emplmt CEE where CC.USCIS_RECEIPT_NUMBER = '${USCIS Receipt Number}' and CEE.case_id = CC.case_identifier"
I765P1Q11dates,,FormI765,'${I765P1Q11dates}' != '',I765P1Q11dates,1,"select count(case when CEE.apld_emplmt_athrztn_dt is not null then 1 end) FROM cis_case CC, case_elgblty_emplmt CEE where CC.USCIS_RECEIPT_NUMBER = '${USCIS Receipt Number}' and CEE.case_id = CC.case_identifier"
I765P1Q11result,,FormI765,'${I765P1Q11result}' != '',I765P1Q11result,1,"select count(case when CEE.ead_elgblty_rslt_txt is not null then 1 end) FROM cis_case CC, case_elgblty_emplmt CEE where CC.USCIS_RECEIPT_NUMBER = '${USCIS Receipt Number}' and CEE.case_id = CC.case_identifier"
I765P1Q12,,FormI765,'${I765P1Q12}' != '',I765P1Q12,1,"select count(case when CEIS.admsn_dt is not null then 1 end) FROM cis_case CC, case_elgblty_imgrnt_stus CEIS where CC.USCIS_RECEIPT_NUMBER = '${USCIS Receipt Number}' and CEIS.case_id = CC.case_identifier"
I765P1Q13,,FormI765,'${I765P1Q13}' != '',I765P1Q13,1,"select count(case when CEIS.admsn_poe is not null then 1 end) FROM cis_case CC, case_elgblty_imgrnt_stus CEIS where CC.USCIS_RECEIPT_NUMBER = '${USCIS Receipt Number}' and CEIS.case_id = CC.case_identifier"
I765P1Q14,,FormI765,'${I765P1Q14}' != '',I765P1Q14,1,"select count(case when CEIS.imgrtn_cls_cd is not null then 1 end) FROM cis_case CC, case_elgblty_imgrnt_stus CEIS where CC.USCIS_RECEIPT_NUMBER = '${USCIS Receipt Number}' and CEIS.case_id = CC.case_identifier"
I765P1Q15,,FormI765,'${I765P1Q15}' != '',I765P1Q15,1,"select count(case when CEIS.mnnr_imgrtn_cls_txt is not null then 1 end) FROM cis_case CC, case_elgblty_imgrnt_stus CEIS where CC.USCIS_RECEIPT_NUMBER = '${USCIS Receipt Number}' and CEIS.case_id = CC.case_identifier"
I765P1Q16,,FormI765,'${I765P1Q16}' != '',I765P1Q16,1,"select count(case when CEE.EAD_ELGBLTY_CATG_CD is not null then 1 end) FROM cis_case CC, case_elgblty_emplmt CEE where CC.USCIS_RECEIPT_NUMBER = '${USCIS Receipt Number}' and CEE.case_id = CC.case_identifier"
I765P1Q17degree,,FormI765,'${I765P1Q17degree}' != '',I765P1Q17degree,${I765P1Q17degree},"select CPE.EDUCTN_QLFCTN_TXT FROM cis_case CC, CASE_PERS_EDUCTN CPE where CC.USCIS_RECEIPT_NUMBER = '${USCIS Receipt Number}' and CPE.CASE_ID = CC.case_identifier"
I765P1Q17everifyid,,FormI765,'${I765P1Q17everifyid}' != '',I765P1Q17everifyid,${I765P1Q17everifyid},"select CPE.emplr_evrfy_clnt_id FROM cis_case CC, case_pers_emplmt CPE where CC.USCIS_RECEIPT_NUMBER = '${USCIS Receipt Number}' and CPE.CASE_ID = CC.case_identifier"
I765P1Q17everifyname,,FormI765,'${I765P1Q17everifyname}' != '',I765P1Q17everifyname,${I765P1Q17everifyname},"select CPE.emplr_evrfy_nm FROM cis_case CC, case_pers_emplmt CPE where CC.USCIS_RECEIPT_NUMBER = '${USCIS Receipt Number}' and CPE.CASE_ID = CC.case_identifier"
,,"FormI90, FormI821P, FormI821D, FormI821, FormN400",,Verify Case Acceptance Status Published to Lockbox,1,select count(*) from CASE_ACTN_HIST cah inner join CIS_CASE c on c.case_identifier=cah.case_id inner join BNFT_REQ br on br.bnft_req_id=c.benefit_request_identifier where br.USCIS_RCPT_NBR = '${USCIS Receipt Number}' and cah.CASE_ACTN_TYP_CD = 355
I821dPart2Travel1,,FormI821D,'${I821dPart2Travel1StartDate}'!='',Part2Travel1,1,"SELECT count(*) from CASE_ELGBLTY_TRVL where DPRTR_DT = TO_DATE('${I821dPart2Travel1StartDate}', 'YYYY-MM-DD') and RTRN_DT = TO_DATE('${I821dPart2Travel1EndDate}','YYYY-MM-DD') and DPRTR_RSN_TXT = '${I821dPart2Travel1Reason}' and CASE_ID in (SELECT CC.CASE_IDENTIFIER FROM CIS_CASE CC WHERE CC.uscis_receipt_number='${USCIS Receipt Number}' )"
I821dPart2Travel2,,FormI821D,'${I821dPart2Travel2StartDate}'!='',Part2Travel2,1,"SELECT count(*) from CASE_ELGBLTY_TRVL where DPRTR_DT = TO_DATE('${I821dPart2Travel2StartDate}', 'YYYY-MM-DD') and RTRN_DT = TO_DATE('${I821dPart2Travel2EndDate}','YYYY-MM-DD') and DPRTR_RSN_TXT = '${I821dPart2Travel2Reason}' and CASE_ID in (SELECT CC.CASE_IDENTIFIER FROM CIS_CASE CC WHERE CC.uscis_receipt_number='${USCIS Receipt Number}' )"
I821DPart1Q5,N,FormI821D,'${I821dPart1RemovealProceeding5ResponseNoIndicator}' == 'true' && '${I821dPart1RemovealProceeding5ResponseYesIndicator}' == 'true',I1821DPart1Q5,1,SELECT QUESTN_RESP_IND FROM CASE_QUESTN_RESP WHERE   BNFT_QUESTN_ID = 402 AND  CASE_ID = (SELECT CC.CASE_IDENTIFIER FROM CIS_CASE CC WHERE CC.uscis_receipt_number='${USCIS Receipt Number}' )
I821DPart1Q5,N,FormI821D,'${I821dPart1RemovealProceeding5ResponseNoIndicator}' == 'true' && '${I821dPart1RemovealProceeding5ResponseYesIndicator}' != 'true',I1821DPart1Q5,Y,SELECT QUESTN_RESP_IND FROM CASE_QUESTN_RESP WHERE   BNFT_QUESTN_ID = 402 AND  CASE_ID = (SELECT CC.CASE_IDENTIFIER FROM CIS_CASE CC WHERE CC.uscis_receipt_number='${USCIS Receipt Number}' )
I821DPart1Q5,N,FormI821D,'${I821dPart1RemovealProceeding5ResponseNoIndicator}' != 'true' && '${I821dPart1RemovealProceeding5ResponseYesIndicator}' == 'true',I1821DPart1Q5,N,SELECT QUESTN_RESP_IND FROM CASE_QUESTN_RESP WHERE   BNFT_QUESTN_ID = 402 AND  CASE_ID = (SELECT CC.CASE_IDENTIFIER FROM CIS_CASE CC WHERE CC.uscis_receipt_number='${USCIS Receipt Number}' )
I821DPart1Q5,N,FormI821D,'${I821dPart1RemovealProceeding5ResponseNoIndicator}' != 'true' && '${I821dPart1RemovealProceeding5ResponseYesIndicator}' != 'true',I1821DPart1Q5,2,SELECT QUESTN_RESP_IND FROM CASE_QUESTN_RESP WHERE   BNFT_QUESTN_ID = 402 AND  CASE_ID = (SELECT CC.CASE_IDENTIFIER FROM CIS_CASE CC WHERE CC.uscis_receipt_number='${USCIS Receipt Number}' )
I821DArrestedinTheUSA,,FormI821D,'${I821DArrestedinTheUSAYes}' == 'true' && '${I821DArrestedinTheUSANo}' == 'true',I821DPart4Question1,1,select questn_resp_ind from case_questn_resp resp where case_id = (select cc.case_identifier from cis_case cc where cc.uscis_receipt_number = '${USCIS Receipt Number}' and bnft_questn_id = 426)
I821DArrestedinTheUSA,,FormI821D,'${I821DArrestedinTheUSAYes}' == 'true' && '${I821DArrestedinTheUSANo}' != 'true',I821DPart4Question1,Y,select questn_resp_ind from case_questn_resp resp where case_id = (select cc.case_identifier from cis_case cc where cc.uscis_receipt_number = '${USCIS Receipt Number}' and bnft_questn_id = 426)
I821DArrestedinTheUSA,,FormI821D,'${I821DArrestedinTheUSAYes}' != 'true' && '${I821DArrestedinTheUSANo}' == 'true',I821DPart4Question1,N,select questn_resp_ind from case_questn_resp resp where case_id = (select cc.case_identifier from cis_case cc where cc.uscis_receipt_number = '${USCIS Receipt Number}' and bnft_questn_id = 426)
I821DArrestedinTheUSA,,FormI821D,'${I821DArrestedinTheUSAYes}' != 'true' && '${I821DArrestedinTheUSANo}' != 'true',I821DPart4Question1,2,select questn_resp_ind from case_questn_resp resp where case_id = (select cc.case_identifier from cis_case cc where cc.uscis_receipt_number = '${USCIS Receipt Number}' and bnft_questn_id = 426)
I821DArrestedOutsideTheUSA,,FormI821D,'${I821DArrestedOutsideTheUSAYes}' == 'true' && '${I821DArrestedOutsideTheUSANo}' == 'true',I821DPart4Question2,1,select questn_resp_ind from case_questn_resp resp where case_id = (select cc.case_identifier from cis_case cc where cc.uscis_receipt_number = '${USCIS Receipt Number}' and bnft_questn_id = 427)
I821DArrestedOutsideTheUSA,,FormI821D,'${I821DArrestedOutsideTheUSAYes}' == 'true' && '${I821DArrestedOutsideTheUSANo}' != 'true',I821DPart4Question2,Y,select questn_resp_ind from case_questn_resp resp where case_id = (select cc.case_identifier from cis_case cc where cc.uscis_receipt_number = '${USCIS Receipt Number}' and bnft_questn_id = 427)
I821DArrestedOutsideTheUSA,,FormI821D,'${I821DArrestedOutsideTheUSAYes}' != 'true' && '${I821DArrestedOutsideTheUSANo}' == 'true',I821DPart4Question2,N,select questn_resp_ind from case_questn_resp resp where case_id = (select cc.case_identifier from cis_case cc where cc.uscis_receipt_number = '${USCIS Receipt Number}' and bnft_questn_id = 427)
I821DArrestedOutsideTheUSA,,FormI821D,'${I821DArrestedOutsideTheUSAYes}' != 'true' && '${I821DArrestedOutsideTheUSANo}' != 'true',I821DPart4Question2,2,select questn_resp_ind from case_questn_resp resp where case_id = (select cc.case_identifier from cis_case cc where cc.uscis_receipt_number = '${USCIS Receipt Number}' and bnft_questn_id = 427)
I821DPlanToEngageInTerrorism,,FormI821D,'${I821DPlanToEngageInTerrorismYes}' == 'true' && '${I821DPlanToEngageInTerrorismNo}' == 'true',I821DPart4Question3,1,select questn_resp_ind from case_questn_resp resp where case_id = (select cc.case_identifier from cis_case cc where cc.uscis_receipt_number = '${USCIS Receipt Number}' and bnft_questn_id = 428)
I821DPlanToEngageInTerrorism,,FormI821D,'${I821DPlanToEngageInTerrorismYes}' == 'true' && '${I821DPlanToEngageInTerrorismNo}' != 'true',I821DPart4Question3,Y,select questn_resp_ind from case_questn_resp resp where case_id = (select cc.case_identifier from cis_case cc where cc.uscis_receipt_number = '${USCIS Receipt Number}' and bnft_questn_id = 428)
I821DPlanToEngageInTerrorism,,FormI821D,'${I821DPlanToEngageInTerrorismYes}' != 'true' && '${I821DPlanToEngageInTerrorismNo}' == 'true',I821DPart4Question3,N,select questn_resp_ind from case_questn_resp resp where case_id = (select cc.case_identifier from cis_case cc where cc.uscis_receipt_number = '${USCIS Receipt Number}' and bnft_questn_id = 428)
I821DPlanToEngageInTerrorism,,FormI821D,'${I821DPlanToEngageInTerrorismYes}' != 'true' && '${I821DPlanToEngageInTerrorismNo}' != 'true',I821DPart4Question3,2,select questn_resp_ind from case_questn_resp resp where case_id = (select cc.case_identifier from cis_case cc where cc.uscis_receipt_number = '${USCIS Receipt Number}' and bnft_questn_id = 428)
I821DEverBeenMemberOfGang,,FormI821D,'${I821DEverBeenMemberOfGangYes}' == 'true' && '${I821DEverBeenMemberOfGangNo}' == 'true',I821DPart4Question4,1,select questn_resp_ind from case_questn_resp resp where case_id = (select cc.case_identifier from cis_case cc where cc.uscis_receipt_number = '${USCIS Receipt Number}' and bnft_questn_id = 429)
I821DEverBeenMemberOfGang,,FormI821D,'${I821DEverBeenMemberOfGangYes}' == 'true' && '${I821DEverBeenMemberOfGangNo}' != 'true',I821DPart4Question4,Y,select questn_resp_ind from case_questn_resp resp where case_id = (select cc.case_identifier from cis_case cc where cc.uscis_receipt_number = '${USCIS Receipt Number}' and bnft_questn_id = 429)
I821DEverBeenMemberOfGang,,FormI821D,'${I821DEverBeenMemberOfGangYes}' != 'true' && '${I821DEverBeenMemberOfGangNo}' == 'true',I821DPart4Question4,N,select questn_resp_ind from case_questn_resp resp where case_id = (select cc.case_identifier from cis_case cc where cc.uscis_receipt_number = '${USCIS Receipt Number}' and bnft_questn_id = 429)
I821DEverBeenMemberOfGang,,FormI821D,'${I821DEverBeenMemberOfGangYes}' != 'true' && '${I821DEverBeenMemberOfGangNo}' != 'true',I821DPart4Question4,2,select questn_resp_ind from case_questn_resp resp where case_id = (select cc.case_identifier from cis_case cc where cc.uscis_receipt_number = '${USCIS Receipt Number}' and bnft_questn_id = 429)
I821DEverEngangedInGenocide,,FormI821D,'${I821DEverEngangedInGenocideYes}' == 'true' && '${I821DEverEngangedInGenocideNo}' == 'true',I821DPart4Question5a,1,select questn_resp_ind from case_questn_resp resp where case_id = (select cc.case_identifier from cis_case cc where cc.uscis_receipt_number = '${USCIS Receipt Number}' and bnft_questn_id = 431)
I821DEverEngangedInGenocide,,FormI821D,'${I821DEverEngangedInGenocideYes}' == 'true' && '${I821DEverEngangedInGenocideNo}' != 'true',I821DPart4Question5a,Y,select questn_resp_ind from case_questn_resp resp where case_id = (select cc.case_identifier from cis_case cc where cc.uscis_receipt_number = '${USCIS Receipt Number}' and bnft_questn_id = 431)
I821DEverEngangedInGenocide,,FormI821D,'${I821DEverEngangedInGenocideYes}' != 'true' && '${I821DEverEngangedInGenocideNo}' == 'true',I821DPart4Question5a,N,select questn_resp_ind from case_questn_resp resp where case_id = (select cc.case_identifier from cis_case cc where cc.uscis_receipt_number = '${USCIS Receipt Number}' and bnft_questn_id = 431)
I821DEverEngangedInGenocide,,FormI821D,'${I821DEverEngangedInGenocideYes}' != 'true' && '${I821DEverEngangedInGenocideNo}' != 'true',I821DPart4Question5a,2,select questn_resp_ind from case_questn_resp resp where case_id = (select cc.case_identifier from cis_case cc where cc.uscis_receipt_number = '${USCIS Receipt Number}' and bnft_questn_id = 431)
I821DKillingAnyPerson,,FormI821D,'${I821DKillingAnyPersonYes}' == 'true' && '${I821DKillingAnyPersonNo}' == 'true',I821DPart4Question5b,1,select questn_resp_ind from case_questn_resp resp where case_id = (select cc.case_identifier from cis_case cc where cc.uscis_receipt_number = '${USCIS Receipt Number}' and bnft_questn_id = 432)
I821DKillingAnyPerson,,FormI821D,'${I821DKillingAnyPersonYes}' == 'true' && '${I821DKillingAnyPersonNo}' != 'true',I821DPart4Question5b,Y,select questn_resp_ind from case_questn_resp resp where case_id = (select cc.case_identifier from cis_case cc where cc.uscis_receipt_number = '${USCIS Receipt Number}' and bnft_questn_id = 432)
I821DKillingAnyPerson,,FormI821D,'${I821DKillingAnyPersonYes}' != 'true' && '${I821DKillingAnyPersonNo}' == 'true',I821DPart4Question5b,N,select questn_resp_ind from case_questn_resp resp where case_id = (select cc.case_identifier from cis_case cc where cc.uscis_receipt_number = '${USCIS Receipt Number}' and bnft_questn_id = 432)
I821DKillingAnyPerson,,FormI821D,'${I821DKillingAnyPersonYes}' != 'true' && '${I821DKillingAnyPersonNo}' != 'true',I821DPart4Question5b,2,select questn_resp_ind from case_questn_resp resp where case_id = (select cc.case_identifier from cis_case cc where cc.uscis_receipt_number = '${USCIS Receipt Number}' and bnft_questn_id = 432)
I821DSeverlyInjuredAnyPerson,,FormI821D,'${I821DSeverlyInjuredAnyPersonYes}' == 'true' && '${I821DSeverlyInjuredAnyPersonNo}' == 'true',I821DPart4Question5c,1,select questn_resp_ind from case_questn_resp resp where case_id = (select cc.case_identifier from cis_case cc where cc.uscis_receipt_number = '${USCIS Receipt Number}' and bnft_questn_id = 433)
I821DSeverlyInjuredAnyPerson,,FormI821D,'${I821DSeverlyInjuredAnyPersonYes}' == 'true' && '${I821DSeverlyInjuredAnyPersonNo}' != 'true',I821DPart4Question5c,Y,select questn_resp_ind from case_questn_resp resp where case_id = (select cc.case_identifier from cis_case cc where cc.uscis_receipt_number = '${USCIS Receipt Number}' and bnft_questn_id = 433)
I821DSeverlyInjuredAnyPerson,,FormI821D,'${I821DSeverlyInjuredAnyPersonYes}' != 'true' && '${I821DSeverlyInjuredAnyPersonNo}' == 'true',I821DPart4Question5c,N,select questn_resp_ind from case_questn_resp resp where case_id = (select cc.case_identifier from cis_case cc where cc.uscis_receipt_number = '${USCIS Receipt Number}' and bnft_questn_id = 433)
I821DSeverlyInjuredAnyPerson,,FormI821D,'${I821DSeverlyInjuredAnyPersonYes}' != 'true' && '${I821DSeverlyInjuredAnyPersonNo}' != 'true',I821DPart4Question5c,2,select questn_resp_ind from case_questn_resp resp where case_id = (select cc.case_identifier from cis_case cc where cc.uscis_receipt_number = '${USCIS Receipt Number}' and bnft_questn_id = 433)
I821DForcedSexualContactWithAnyPerson,,FormI821D,'${I821DForcedSexualContactWithAnyPersonYes}' == 'true' && '${I821DForcedSexualContactWithAnyPersonNo}' == 'true',I821DPart4Question5d,1,select questn_resp_ind from case_questn_resp resp where case_id = (select cc.case_identifier from cis_case cc where cc.uscis_receipt_number = '${USCIS Receipt Number}' and bnft_questn_id = 434)
I821DForcedSexualContactWithAnyPerson,,FormI821D,'${I821DForcedSexualContactWithAnyPersonYes}' == 'true' && '${I821DForcedSexualContactWithAnyPersonNo}' != 'true',I821DPart4Question5d,Y,select questn_resp_ind from case_questn_resp resp where case_id = (select cc.case_identifier from cis_case cc where cc.uscis_receipt_number = '${USCIS Receipt Number}' and bnft_questn_id = 434)
I821DForcedSexualContactWithAnyPerson,,FormI821D,'${I821DForcedSexualContactWithAnyPersonYes}' != 'true' && '${I821DForcedSexualContactWithAnyPersonNo}' == 'true',I821DPart4Question5d,N,select questn_resp_ind from case_questn_resp resp where case_id = (select cc.case_identifier from cis_case cc where cc.uscis_receipt_number = '${USCIS Receipt Number}' and bnft_questn_id = 434)
I821DForcedSexualContactWithAnyPerson,,FormI821D,'${I821DForcedSexualContactWithAnyPersonYes}' != 'true' && '${I821DForcedSexualContactWithAnyPersonNo}' != 'true',I821DPart4Question5d,2,select questn_resp_ind from case_questn_resp resp where case_id = (select cc.case_identifier from cis_case cc where cc.uscis_receipt_number = '${USCIS Receipt Number}' and bnft_questn_id = 434)
I821DRecruitedPersonUnderTheAgeOf15inArmedForce,,FormI821D,'${I821DRecruitedPersonUnderTheAgeOf15inArmedForceYes}' == 'true' && '${I821DRecruitedPersonUnderTheAgeOf15inArmedForceNo}' == 'true',I821DPart4Question6,1,select questn_resp_ind from case_questn_resp resp where case_id = (select cc.case_identifier from cis_case cc where cc.uscis_receipt_number = '${USCIS Receipt Number}' and bnft_questn_id = 435)
I821DRecruitedPersonUnderTheAgeOf15inArmedForce,,FormI821D,'${I821DRecruitedPersonUnderTheAgeOf15inArmedForceYes}' == 'true' && '${I821DRecruitedPersonUnderTheAgeOf15inArmedForceNo}' != 'true',I821DPart4Question6,Y,select questn_resp_ind from case_questn_resp resp where case_id = (select cc.case_identifier from cis_case cc where cc.uscis_receipt_number = '${USCIS Receipt Number}' and bnft_questn_id = 435)
I821DRecruitedPersonUnderTheAgeOf15inArmedForce,,FormI821D,'${I821DRecruitedPersonUnderTheAgeOf15inArmedForceYes}' != 'true' && '${I821DRecruitedPersonUnderTheAgeOf15inArmedForceNo}' == 'true',I821DPart4Question6,N,select questn_resp_ind from case_questn_resp resp where case_id = (select cc.case_identifier from cis_case cc where cc.uscis_receipt_number = '${USCIS Receipt Number}' and bnft_questn_id = 435)
I821DRecruitedPersonUnderTheAgeOf15inArmedForce,,FormI821D,'${I821DRecruitedPersonUnderTheAgeOf15inArmedForceYes}' != 'true' && '${I821DRecruitedPersonUnderTheAgeOf15inArmedForceNo}' != 'true',I821DPart4Question6,2,select questn_resp_ind from case_questn_resp resp where case_id = (select cc.case_identifier from cis_case cc where cc.uscis_receipt_number = '${USCIS Receipt Number}' and bnft_questn_id = 435)
I821DUsePersonUnderTheAgeOf15InHostilities,,FormI821D,'${I821DUsePersonUnderTheAgeOf15InHostilitiesYes}' == 'true' && '${I821DUsePersonUnderTheAgeOf15InHostilitiesNo}' == 'true',I821DPart4Question7,1,select questn_resp_ind from case_questn_resp resp where case_id = (select cc.case_identifier from cis_case cc where cc.uscis_receipt_number = '${USCIS Receipt Number}' and bnft_questn_id = 436)
I821DUsePersonUnderTheAgeOf15InHostilities,,FormI821D,'${I821DUsePersonUnderTheAgeOf15InHostilitiesYes}' == 'true' && '${I821DUsePersonUnderTheAgeOf15InHostilitiesNo}' != 'true',I821DPart4Question7,Y,select questn_resp_ind from case_questn_resp resp where case_id = (select cc.case_identifier from cis_case cc where cc.uscis_receipt_number = '${USCIS Receipt Number}' and bnft_questn_id = 436)
I821DUsePersonUnderTheAgeOf15InHostilities,,FormI821D,'${I821DUsePersonUnderTheAgeOf15InHostilitiesYes}' != 'true' && '${I821DUsePersonUnderTheAgeOf15InHostilitiesNo}' == 'true',I821DPart4Question7,N,select questn_resp_ind from case_questn_resp resp where case_id = (select cc.case_identifier from cis_case cc where cc.uscis_receipt_number = '${USCIS Receipt Number}' and bnft_questn_id = 436)
I821DUsePersonUnderTheAgeOf15InHostilities,,FormI821D,'${I821DUsePersonUnderTheAgeOf15InHostilitiesYes}' != 'true' && '${I821DUsePersonUnderTheAgeOf15InHostilitiesNo}' != 'true',I821DPart4Question7,2,select questn_resp_ind from case_questn_resp resp where case_id = (select cc.case_identifier from cis_case cc where cc.uscis_receipt_number = '${USCIS Receipt Number}' and bnft_questn_id = 436)
I821DPart1Q5a,N,FormI821D,'${I821dPart1RemovealProceeding5a}' == 'true',I821dPart1RemovealProceeding5a,Y,SELECT QUESTN_RESP_IND FROM CASE_QUESTN_RESP WHERE   BNFT_QUESTN_ID = 403 AND  CASE_ID = (SELECT CC.CASE_IDENTIFIER FROM CIS_CASE CC WHERE CC.uscis_receipt_number='${USCIS Receipt Number}' )
I821DPart1Q5b,N,FormI821D,'${I821dPart1RemovealProceeding5b}' == 'true',I821dPart1RemovealProceeding5b,Y,SELECT QUESTN_RESP_IND FROM CASE_QUESTN_RESP WHERE   BNFT_QUESTN_ID = 404 AND  CASE_ID = (SELECT CC.CASE_IDENTIFIER FROM CIS_CASE CC WHERE CC.uscis_receipt_number='${USCIS Receipt Number}' )
I821DPart1Q5c,N,FormI821D,'${I821dPart1RemovealProceeding5c}' == 'true',I821dPart1RemovealProceeding5c,Y,SELECT QUESTN_RESP_IND FROM CASE_QUESTN_RESP WHERE   BNFT_QUESTN_ID = 405 AND  CASE_ID = (SELECT CC.CASE_IDENTIFIER FROM CIS_CASE CC WHERE CC.uscis_receipt_number='${USCIS Receipt Number}' )
I821DPart1Q5d,N,FormI821D,'${I821dPart1RemovealProceeding5d}' == 'true',I821dPart1RemovealProceeding5d,Y,SELECT QUESTN_RESP_IND FROM CASE_QUESTN_RESP WHERE   BNFT_QUESTN_ID = 406 AND  CASE_ID = (SELECT CC.CASE_IDENTIFIER FROM CIS_CASE CC WHERE CC.uscis_receipt_number='${USCIS Receipt Number}' )
I821DPart1Q5e,N,FormI821D,'${I821dPart1RemovealProceeding5e}' == 'true',I821dPart1RemovealProceeding5e,Y,SELECT QUESTN_RESP_IND FROM CASE_QUESTN_RESP WHERE   BNFT_QUESTN_ID = 407 AND  CASE_ID = (SELECT CC.CASE_IDENTIFIER FROM CIS_CASE CC WHERE CC.uscis_receipt_number='${USCIS Receipt Number}' )
I821DPart1Q5f,N,FormI821D,'${I821dPart1RemovealProceeding5fDate}' != '',I821DPart1Q5f,1,SELECT count(*) FROM CASE_QUESTN_RESP WHERE   BNFT_QUESTN_ID = 408 AND  CASE_ID = (SELECT CC.CASE_IDENTIFIER FROM CIS_CASE CC WHERE CC.uscis_receipt_number='${USCIS Receipt Number}' )
I821DPart1Q5g,N,FormI821D,'${I821dPart1RemovealProceeding5gLocation}' != '',I821DPart1Q5g,1,SELECT count(*) FROM CASE_QUESTN_RESP WHERE   BNFT_QUESTN_ID = 409 AND  CASE_ID = (SELECT CC.CASE_IDENTIFIER FROM CIS_CASE CC WHERE CC.uscis_receipt_number='${USCIS Receipt Number}' )
I821DPart1Q5f,N,FormI821D,'${I821dPart1RemovealProceeding5fDate}' != '','Verify RemovalProceedingDate',${I821dPart1RemovealProceeding5fDate}," SELECT to_char(pimg.IMGRTN_PRCDG_DEC_DT,'YYYY-MM-DD') FROM cis_case cc INNER JOIN case_prty_role cpr ON cpr.case_id = cc.case_identifier INNER JOIN role_typ_cd rtc ON cpr.role_typ_cd = rtc.role_type_code_identifier INNER JOIN pers p ON p.prty_id = cpr.prty_id INNER JOIN pers_imgrtn_prcdg pimg ON pimg.prty_id     = p.prty_id WHERE cc.uscis_receipt_number ='${USCIS Receipt Number}' AND rtc.role_type_description = 'Applicant' "
I821DPart1Q5g,N,FormI821D,'${I821dPart1RemovealProceeding5gLocation}' != '','Verify RemovalProceedingLocation', ${I821dPart1RemovealProceeding5gLocation},SELECT pimg.DHS_OFFC_NM FROM cis_case cc INNER JOIN case_prty_role cpr ON cpr.case_id = cc.case_identifier INNER JOIN role_typ_cd rtc ON cpr.role_typ_cd = rtc.role_type_code_identifier INNER JOIN pers p ON p.prty_id = cpr.prty_id INNER JOIN pers_imgrtn_prcdg pimg ON pimg.prty_id     = p.prty_id WHERE cc.uscis_receipt_number ='${USCIS Receipt Number}' AND rtc.role_type_description = 'Applicant' AND pimg.DHS_OFFC_NM     = '${I821dPart1RemovealProceeding5gLocation}'
I821DPreviousExpirationDate, N,FormI821D,'${I821dPart1PreviousExpirationDate}' != '',Verify Exipration Date,${I821dPart1PreviousExpirationDate},"SELECT to_char(LAST_BNFT_EXPRTN_DT,'YYYY-MM-DD') FROM BNFT_REQ where uscis_rcpt_nbr = '${USCIS Receipt Number}' "
,,FormI821D,'${I821DApplicantOtherFamilyName}' != '' || '${I821DApplicantOtherGivenName}' != '',Verify Applicant Other Name,1,select count(*) from cis_case cc inner join case_prty_role cpr on cpr.case_id = cc.case_identifier inner join role_typ_cd rtc on cpr.role_typ_cd = rtc.role_type_code_identifier inner join pers p on p.prty_id = cpr.prty_id inner join pers_nm pn on pn.prty_id = cpr.prty_id where cc.uscis_receipt_number='${USCIS Receipt Number}'and rtc.role_type_description = 'Applicant' and pn.pers_nm_usg_cd = 6 and pn.frst_nm=upper('${I821DApplicantOtherGivenName}') and pn.last_nm=upper('${I821DApplicantOtherFamilyName}')
I821DPart2Q2a,N,FormI821D,'${I821DPart2Q2aResidence1Address}' != '' && '${I821DPart2Q2aResidence1ToDate}' != '9999-01-01', I821DPart2Q2a,1,"select count(*) from cis_case cc inner join case_prty_role cpr on cpr.case_id = cc.case_identifier inner join role_typ_cd rtc on cpr.role_typ_cd = rtc.role_type_code_identifier inner join cntc cn on cn.prty_id = cpr.prty_id inner join cntc_typ_cd ctc on ctc.cntc_typ_cd = cn.cntc_typ_cd inner join cntc_addr ca on ca.cntc_id = cn.cntc_id inner join addr ad on ad.addr_id = ca.addr_id left outer join addr_typ_cd atc on atc.addr_typ_cd = ad.addr_typ_cd where cc.uscis_receipt_number='${USCIS Receipt Number}' and ad.ADDR_EFFTV_DT = TO_DATE('${I821DPart2Q2aResidence1FromDate}', 'YYYY-MM-DD') and ad.ADDR_EXPRTN_DT = TO_DATE('${I821DPart2Q2aResidence1ToDate}', 'YYYY-MM-DD') and ad.STR_ADDR1_TXT = UPPER('${I821DPart2Q2aResidence1Address}') and ad.SUITE_APT_NBR =UPPER('${I821DPart2Q2aResidence1Apt}') and ad.CTY_NM = UPPER('${I821DPart2Q2aResidence1City}') and ad.ST_CD = UPPER('${I821DPart2Q2aResidence1State}') and ad.PSTL_ZIP_CD = UPPER('${I821DPart2Q2aResidence1ZIPCode}') and atc.addr_typ_desc = 'Physical Address' and rtc.role_type_description = 'Applicant'"
I821DPart2Q2aDefaultEndDate,N,FormI821D,'${I821DPart2Q2aResidence1Address}' != '' && '${I821DPart2Q2aResidence1ToDate}' == '9999-01-01', I821DPart2Q2a,1,"select count(*) from cis_case cc inner join case_prty_role cpr on cpr.case_id = cc.case_identifier inner join role_typ_cd rtc on cpr.role_typ_cd = rtc.role_type_code_identifier inner join cntc cn on cn.prty_id = cpr.prty_id inner join cntc_typ_cd ctc on ctc.cntc_typ_cd = cn.cntc_typ_cd inner join cntc_addr ca on ca.cntc_id = cn.cntc_id inner join addr ad on ad.addr_id = ca.addr_id left outer join addr_typ_cd atc on atc.addr_typ_cd = ad.addr_typ_cd where cc.uscis_receipt_number='${USCIS Receipt Number}' and ad.ADDR_EFFTV_DT = TO_DATE('${I821DPart2Q2aResidence1FromDate}', 'YYYY-MM-DD') and ca.ADDR_END_DT IS NULL and ad.STR_ADDR1_TXT = UPPER('${I821DPart2Q2aResidence1Address}') and ad.SUITE_APT_NBR =UPPER('${I821DPart2Q2aResidence1Apt}') and ad.CTY_NM = UPPER('${I821DPart2Q2aResidence1City}') and ad.ST_CD = UPPER('${I821DPart2Q2aResidence1State}') and ad.PSTL_ZIP_CD = UPPER('${I821DPart2Q2aResidence1ZIPCode}') and atc.addr_typ_desc = 'Physical Address' and rtc.role_type_description = 'Applicant'"
I821DPart2Q3a,N,FormI821D,'${I821DPart2Q3aResidence1Address}' != '', I821DPart2Q3a,1,"select count(*) from cis_case cc inner join case_prty_role cpr on cpr.case_id = cc.case_identifier inner join role_typ_cd rtc on cpr.role_typ_cd = rtc.role_type_code_identifier inner join cntc cn on cn.prty_id = cpr.prty_id inner join cntc_typ_cd ctc on ctc.cntc_typ_cd = cn.cntc_typ_cd inner join cntc_addr ca on ca.cntc_id = cn.cntc_id inner join addr ad on ad.addr_id = ca.addr_id left outer join addr_typ_cd atc on atc.addr_typ_cd = ad.addr_typ_cd where cc.uscis_receipt_number='${USCIS Receipt Number}' and ad.ADDR_EFFTV_DT = TO_DATE('${I821DPart2Q3aResidence1FromDate}', 'YYYY-MM-DD') and ad.ADDR_EXPRTN_DT = TO_DATE('${I821DPart2Q3aResidence1ToDate}', 'YYYY-MM-DD') and ad.STR_ADDR1_TXT = UPPER('${I821DPart2Q3aResidence1Address}') and ad.SUITE_APT_NBR =UPPER('${I821DPart2Q3aResidence1Apt}') and ad.CTY_NM = UPPER('${I821DPart2Q3aResidence1City}') and ad.ST_CD = UPPER('${I821DPart2Q3aResidence1State}') and ad.PSTL_ZIP_CD = UPPER('${I821DPart2Q3aResidence1ZIPCode}') and atc.addr_typ_desc = 'Physical Address' and rtc.role_type_description = 'Applicant'"
I821DPart2Q4a,N,FormI821D,'${I821DPart2Q4aResidence1Address}' != '', I821DPart2Q4a,1,"select count(*) from cis_case cc inner join case_prty_role cpr on cpr.case_id = cc.case_identifier inner join role_typ_cd rtc on cpr.role_typ_cd = rtc.role_type_code_identifier inner join cntc cn on cn.prty_id = cpr.prty_id inner join cntc_typ_cd ctc on ctc.cntc_typ_cd = cn.cntc_typ_cd inner join cntc_addr ca on ca.cntc_id = cn.cntc_id inner join addr ad on ad.addr_id = ca.addr_id left outer join addr_typ_cd atc on atc.addr_typ_cd = ad.addr_typ_cd where cc.uscis_receipt_number='${USCIS Receipt Number}' and ad.ADDR_EFFTV_DT = TO_DATE('${I821DPart2Q4aResidence1FromDate}', 'YYYY-MM-DD') and ad.ADDR_EXPRTN_DT = TO_DATE('${I821DPart2Q4aResidence1ToDate}', 'YYYY-MM-DD') and ad.STR_ADDR1_TXT = UPPER('${I821DPart2Q4aResidence1Address}') and ad.SUITE_APT_NBR =UPPER('${I821DPart2Q4aResidence1Apt}') and ad.CTY_NM = UPPER('${I821DPart2Q4aResidence1City}') and ad.ST_CD = UPPER('${I821DPart2Q4aResidence1State}') and ad.PSTL_ZIP_CD = UPPER('${I821DPart2Q4aResidence1ZIPCode}') and atc.addr_typ_desc = 'Physical Address' and rtc.role_type_description = 'Applicant'"
I821DPart2Q5a,N,FormI821D,'${I821DPart2Q5aResidence1Address}' != '', I821DPart2Q5a,1,"select count(*) from cis_case cc inner join case_prty_role cpr on cpr.case_id = cc.case_identifier inner join role_typ_cd rtc on cpr.role_typ_cd = rtc.role_type_code_identifier inner join cntc cn on cn.prty_id = cpr.prty_id inner join cntc_typ_cd ctc on ctc.cntc_typ_cd = cn.cntc_typ_cd inner join cntc_addr ca on ca.cntc_id = cn.cntc_id inner join addr ad on ad.addr_id = ca.addr_id left outer join addr_typ_cd atc on atc.addr_typ_cd = ad.addr_typ_cd where cc.uscis_receipt_number='${USCIS Receipt Number}' and ad.ADDR_EFFTV_DT = TO_DATE('${I821DPart2Q5aResidence1FromDate}', 'YYYY-MM-DD') and ad.ADDR_EXPRTN_DT = TO_DATE('${I821DPart2Q5aResidence1ToDate}', 'YYYY-MM-DD') and ad.STR_ADDR1_TXT = UPPER('${I821DPart2Q5aResidence1Address}') and ad.SUITE_APT_NBR =UPPER('${I821DPart2Q5aResidence1Apt}') and ad.CTY_NM = UPPER('${I821DPart2Q5aResidence1City}') and ad.ST_CD = UPPER('${I821DPart2Q5aResidence1State}') and ad.PSTL_ZIP_CD = UPPER('${I821DPart2Q5aResidence1ZIPCode}') and atc.addr_typ_desc = 'Physical Address' and rtc.role_type_description = 'Applicant'"
I821DPart2Q8AdvanceParole,N,FormI821D,'${I821DPart2Q8AdvanceParoleYes}' == 'true' && '${I821DPart2Q8AdvanceParoleNo}' == 'true',I821DPart2Q8,1,SELECT QUESTN_RESP_IND FROM CASE_QUESTN_RESP WHERE   BNFT_QUESTN_ID = 413 AND  CASE_ID = (SELECT CC.CASE_IDENTIFIER FROM CIS_CASE CC WHERE CC.uscis_receipt_number='${USCIS Receipt Number}' )
I821DPart2Q8AdvanceParole,N,FormI821D,'${I821DPart2Q8AdvanceParoleYes}' == 'true' && '${I821DPart2Q8AdvanceParoleNo}' != 'true',I821DPart2Q8,Y,SELECT QUESTN_RESP_IND FROM CASE_QUESTN_RESP WHERE   BNFT_QUESTN_ID = 413 AND  CASE_ID = (SELECT CC.CASE_IDENTIFIER FROM CIS_CASE CC WHERE CC.uscis_receipt_number='${USCIS Receipt Number}' )
I821DPart2Q8AdvanceParole,N,FormI821D,'${I821DPart2Q8AdvanceParoleYes}' != 'true' && '${I821DPart2Q8AdvanceParoleNo}' == 'false',I821DPart2Q8,N,SELECT QUESTN_RESP_IND FROM CASE_QUESTN_RESP WHERE   BNFT_QUESTN_ID = 413 AND  CASE_ID = (SELECT CC.CASE_IDENTIFIER FROM CIS_CASE CC WHERE CC.uscis_receipt_number='${USCIS Receipt Number}' )
I821DPart2Q8AdvanceParole,N,FormI821D,'${I821DPart2Q8AdvanceParoleYes}' != 'true' && '${I821DPart2Q8AdvanceParoleNo}' != 'false',I821DPart2Q8,2,SELECT QUESTN_RESP_IND FROM CASE_QUESTN_RESP WHERE   BNFT_QUESTN_ID = 413 AND  CASE_ID = (SELECT CC.CASE_IDENTIFIER FROM CIS_CASE CC WHERE CC.uscis_receipt_number='${USCIS Receipt Number}' )
I821DPart2Q9aPassportCountry,N,FormI821D,'${I821DPart2Q9aPassportCountry}' != '',I821DPart2Q9,${I821DPart2Q9aPassportCountry},select distinct pi.IDNT_ISSD_BY_CNTRY_CD from cis_case cc inner join case_prty_role cpr on cpr.case_id = cc.case_identifier inner join role_typ_cd rtc on cpr.role_typ_cd = rtc.role_type_code_identifier inner join cntc cn on cn.prty_id = cpr.prty_id inner join cntc_typ_cd ctc on ctc.cntc_typ_cd = cn.cntc_typ_cd inner join pers_idtn pi on pi.pers_id = cn.prty_id inner join IDTN_TYP_CD itc on itc.IDTN_TYP_CD = pi.IDTN_TYP_CD where cc.uscis_receipt_number='${USCIS Receipt Number}' and rtc.role_type_description = 'Applicant' and itc.IDTN_TYP_DESC = 'Passport'
I821DPart2Q9bPassportNumber,N,FormI821D,'${I821DPart2Q9bPassportNumber}' != '', I821DPart2Q9b,${I821DPart2Q9bPassportNumber},select distinct pi.PERS_IDNT_VAL_TXT from cis_case cc inner join case_prty_role cpr on cpr.case_id = cc.case_identifier inner join role_typ_cd rtc on cpr.role_typ_cd = rtc.role_type_code_identifier inner join cntc cn on cn.prty_id = cpr.prty_id inner join cntc_typ_cd ctc on ctc.cntc_typ_cd = cn.cntc_typ_cd inner join pers_idtn pi on pi.pers_id = cn.prty_id inner join IDTN_TYP_CD itc on itc.IDTN_TYP_CD = pi.IDTN_TYP_CD where cc.uscis_receipt_number='${USCIS Receipt Number}' and rtc.role_type_description = 'Applicant' and itc.IDTN_TYP_DESC = 'Passport'
I821DPart2Q9cPassportExpiration,N,FormI821D,'${I821DPart2Q9cPassportExpiration}' != '', I821DPart2Q9c,${I821DPart2Q9cPassportExpiration},"select distinct TO_CHAR(pi.AUTHRZED_ST_EXPIRE_DT, 'YYYY-MM-DD') from cis_case cc inner join case_prty_role cpr on cpr.case_id = cc.case_identifier inner join role_typ_cd rtc on cpr.role_typ_cd = rtc.role_type_code_identifier inner join cntc cn on cn.prty_id = cpr.prty_id inner join cntc_typ_cd ctc on ctc.cntc_typ_cd = cn.cntc_typ_cd inner join pers_idtn pi on pi.pers_id = cn.prty_id inner join IDTN_TYP_CD itc on itc.IDTN_TYP_CD = pi.IDTN_TYP_CD where cc.uscis_receipt_number='${USCIS Receipt Number}' and rtc.role_type_description = 'Applicant' and itc.IDTN_TYP_DESC = 'Passport'"
I821DPart2Q10BorderCrossingCardNumber,N,FormI821D,'${I821DPart2Q10BorderCrossingCardNumber}' != '', I821DPart2Q10,${I821DPart2Q10BorderCrossingCardNumber},select distinct pi.PERS_IDNT_VAL_TXT from cis_case cc inner join case_prty_role cpr on cpr.case_id = cc.case_identifier inner join role_typ_cd rtc on cpr.role_typ_cd = rtc.role_type_code_identifier inner join cntc cn on cn.prty_id = cpr.prty_id inner join cntc_typ_cd ctc on ctc.cntc_typ_cd = cn.cntc_typ_cd inner join pers_idtn pi on pi.pers_id = cn.prty_id inner join IDTN_TYP_CD itc on itc.IDTN_TYP_CD = pi.IDTN_TYP_CD where cc.uscis_receipt_number='${USCIS Receipt Number}' and rtc.role_type_description = 'Applicant' and itc.IDTN_TYP_DESC = 'Border Crossing Card'
,Y,FormI821D,'${FormI821DInterpreterLanguage}' != '',Verify Interpeter Language,${FormI821DInterpreterLanguage},"select INTRPTR_LANG_NM,cper.intrptr_lang_nm from cis_case cc inner join case_prty_role cpr on cpr.case_id = cc.case_identifier inner join role_typ_cd rtc on cpr.role_typ_cd = rtc.role_type_code_identifier inner join pers p on p.prty_id = cpr.prty_id inner join case_pers_role cper on cper.pers_id = p.prty_id where cc.uscis_receipt_number='${USCIS Receipt Number}'and rtc.role_type_description = 'Interpreter' and intrptr_lang_nm = '${Interpreter Language}' group by cper.intrptr_lang_nm"
,,FormI821D,,Verify Interpreter's Signature Date,${Interpreter Signature Date},"SELECT to_char(ss.prprr_sig_dt, 'YYYY-MM-DD') FROM cis_case cc INNER JOIN case_prty_role cpr ON cpr.case_id = cc.case_identifier  INNER JOIN role_typ_cd rtc ON cpr.role_typ_cd = rtc.role_type_code_identifier INNER JOIN snpsht_sig ss ON ss.bnft_req_id = cc.benefit_request_identifier WHERE rtc.role_type_description = 'Interpreter' AND cc.uscis_receipt_number='${USCIS Receipt Number}'"
I821DPart2Q1,N,FormI821D,'${I1821DPart2Q1ResponseYesIndicator}' == 'true' && '${I1821DPart2Q1ResponseNoIndicator}' == 'true',I1821DPart2Q1,1,SELECT QUESTN_RESP_IND FROM CASE_QUESTN_RESP WHERE   BNFT_QUESTN_ID = 411 AND  CASE_ID = (SELECT CC.CASE_IDENTIFIER FROM CIS_CASE CC WHERE CC.uscis_receipt_number='${USCIS Receipt Number}' )
I821DPart2Q1,N,FormI821D,'${I1821DPart2Q1ResponseYesIndicator}' == 'true' && '${I1821DPart2Q1ResponseNoIndicator}' != 'true',I1821DPart2Q1,Y,SELECT QUESTN_RESP_IND FROM CASE_QUESTN_RESP WHERE   BNFT_QUESTN_ID = 411 AND  CASE_ID = (SELECT CC.CASE_IDENTIFIER FROM CIS_CASE CC WHERE CC.uscis_receipt_number='${USCIS Receipt Number}' )
I821DPart2Q1,N,FormI821D,'${I1821DPart2Q1ResponseYesIndicator}' != 'true' && '${I1821DPart2Q1ResponseNoIndicator}' == 'true',I1821DPart2Q1,N,SELECT QUESTN_RESP_IND FROM CASE_QUESTN_RESP WHERE   BNFT_QUESTN_ID = 411 AND  CASE_ID = (SELECT CC.CASE_IDENTIFIER FROM CIS_CASE CC WHERE CC.uscis_receipt_number='${USCIS Receipt Number}' )
I821DPart2Q1,N,FormI821D,'${I1821DPart2Q1ResponseYesIndicator}' != 'true' && '${I1821DPart2Q1ResponseNoIndicator}' != 'true',I1821DPart2Q1,2,SELECT QUESTN_RESP_IND FROM CASE_QUESTN_RESP WHERE   BNFT_QUESTN_ID = 411 AND  CASE_ID = (SELECT CC.CASE_IDENTIFIER FROM CIS_CASE CC WHERE CC.uscis_receipt_number='${USCIS Receipt Number}' )
RequestorSignatureDate,N,FormI821D,,RequestorSignatureDate,1,"select count(subms_dt) from SNPSHT_SIG where bnft_req_id = (select benefit_request_identifier from cis_case where uscis_receipt_number = '${USCIS Receipt Number}') and subms_dt = to_date('${RequestorSignatureDate}','YYYY-MM-DD')"
RequestorCanReadEnglishIndicator,N,FormI821D,'${RequestorCanReadEnglishIndicator}' == 'true',RequestorCanReadEnglishIndicator,Y,select ENGLSH_VERFY_IND from SNPSHT_SIG where bnft_req_id = (select benefit_request_identifier from cis_case where uscis_receipt_number = '${USCIS Receipt Number}') and ENGLSH_VERFY_IND = 'Y'
RequestorCanReadEnglishIndicator,N,FormI821D,'${RequestorCanReadEnglishIndicator}' != 'true',RequestorCanReadEnglishIndicator,N,select ENGLSH_VERFY_IND from SNPSHT_SIG where bnft_req_id = (select benefit_request_identifier from cis_case where uscis_receipt_number = '${USCIS Receipt Number}') and ENGLSH_VERFY_IND = 'N'
InterpreterReadFormToMeIndicator,N,FormI821D,'${InterpreterReadFormToMeIndicator}' == 'true',InterpreterReadFormToMeIndicator,Y,select intrptr_verfy_ind from SNPSHT_SIG where bnft_req_id = (select benefit_request_identifier from cis_case where uscis_receipt_number = '${USCIS Receipt Number}') and intrptr_verfy_ind = 'Y'
InterpreterReadFormToMeIndicator,N,FormI821D,'${InterpreterReadFormToMeIndicator}' != 'true',InterpreterReadFormToMeIndicator,N,select intrptr_verfy_ind from SNPSHT_SIG where bnft_req_id = (select benefit_request_identifier from cis_case where uscis_receipt_number = '${USCIS Receipt Number}') and intrptr_verfy_ind = 'N'
RequestorLanguageFluency,N,FormI821D,'${RequestorLanguageFluency}' != '',RequestorLanguageFluency,1,"select count(intrptr_lang_nm) from case_pers_role, role_typ_cd where case_id = (select cis_case.case_identifier from cis_case where cis_case.uscis_receipt_number = '${USCIS Receipt Number}') and case_pers_role.role_typ_cd = role_typ_cd.role_type_code_identifier and role_type_description = 'Applicant'"
I821DArrivedBeforeAge16,,FormI821D,'${ArrivedBeforeAge16Yes}' == 'true' && '${ArrivedBeforeAge16No}' == 'true',I821DPart3Question1,1,select questn_resp_ind from case_questn_resp resp where case_id = (select cc.case_identifier from cis_case cc where cc.uscis_receipt_number = '${USCIS Receipt Number}' and bnft_questn_id = 415)
I821DArrivedBeforeAge16,,FormI821D,'${ArrivedBeforeAge16Yes}' == 'true' && '${ArrivedBeforeAge16No}' != 'true',I821DPart3Question1,Y,select questn_resp_ind from case_questn_resp resp where case_id = (select cc.case_identifier from cis_case cc where cc.uscis_receipt_number = '${USCIS Receipt Number}' and bnft_questn_id = 415)
I821DArrivedBeforeAge16,,FormI821D,'${ArrivedBeforeAge16Yes}' != 'true' && '${ArrivedBeforeAge16No}' == 'true',I821DPart3Question1,N,select questn_resp_ind from case_questn_resp resp where case_id = (select cc.case_identifier from cis_case cc where cc.uscis_receipt_number = '${USCIS Receipt Number}' and bnft_questn_id = 415)
I821DArrivedBeforeAge16,,FormI821D,'${ArrivedBeforeAge16Yes}' != 'true' && '${ArrivedBeforeAge16No}' != 'true',I821DPart3Question1,2,select questn_resp_ind from case_questn_resp resp where case_id = (select cc.case_identifier from cis_case cc where cc.uscis_receipt_number = '${USCIS Receipt Number}' and bnft_questn_id = 415)
I821DDateInitialEntry,,FormI821D,'${DateInitialEntry}' != '',I821DPart3Question2,${DateInitialEntry},"select to_char(admsn_dt, 'YYYY-MM-DD') from case_elgblty_imgrnt_stus ceis inner join cis_case c on c.CASE_IDENTIFIER = ceis.case_id where c.USCIS_RECEIPT_NUMBER  = '${USCIS Receipt Number}'"
I821DPlaceInitialEntry,,FormI821D,,I821DPart3Question3,${PlaceInitialEntry},select init_entry_place_txt from case_elgblty_imgrnt_stus ceis inner join cis_case c on c.CASE_IDENTIFIER = ceis.case_id where c.USCIS_RECEIPT_NUMBER = '${USCIS Receipt Number}'
I821ImmigrationStatus,,FormI821D,,I821DPart3Question4,${ImmigrationStatus},select imgrtn_cls_cd from case_elgblty_imgrnt_stus ceis inner join cis_case c on c.CASE_IDENTIFIER = ceis.case_id where c.USCIS_RECEIPT_NUMBER = '${USCIS Receipt Number}'
I821DIssuedArrivalDepartureRecord,,FormI821D,'${IssuedArrivalDepartureRecordYes}' == 'true' && '${IssuedArrivalDepartureRecordNo}' == 'true',I821DPart3Question5a,1,select questn_resp_ind from case_questn_resp resp where case_id = (select cc.case_identifier from cis_case cc where cc.uscis_receipt_number = '${USCIS Receipt Number}' and bnft_questn_id = 416)
I821DIssuedArrivalDepartureRecord,,FormI821D,'${IssuedArrivalDepartureRecordYes}' == 'true' && '${IssuedArrivalDepartureRecordNo}' != 'true',I821DPart3Question5a,Y,select questn_resp_ind from case_questn_resp resp where case_id = (select cc.case_identifier from cis_case cc where cc.uscis_receipt_number = '${USCIS Receipt Number}' and bnft_questn_id = 416)
I821DIssuedArrivalDepartureRecord,,FormI821D,'${IssuedArrivalDepartureRecordYes}' != 'true' && '${IssuedArrivalDepartureRecordNo}' == 'true',I821DPart3Question5a,N,select questn_resp_ind from case_questn_resp resp where case_id = (select cc.case_identifier from cis_case cc where cc.uscis_receipt_number = '${USCIS Receipt Number}' and bnft_questn_id = 416)
I821DIssuedArrivalDepartureRecord,,FormI821D,'${IssuedArrivalDepartureRecordYes}' != 'true' && '${IssuedArrivalDepartureRecordNo}' != 'true',I821DPart3Question5a,2,select questn_resp_ind from case_questn_resp resp where case_id = (select cc.case_identifier from cis_case cc where cc.uscis_receipt_number = '${USCIS Receipt Number}' and bnft_questn_id = 416)
I821DArrivalDepartureNumber,,FormI821D,,I821DPart3Question5b,${ArrivalDepartureNumber},select resp_txt from case_questn_resp cqr inner join cis_case c on c.CASE_IDENTIFIER = cqr.case_id where c.USCIS_RECEIPT_NUMBER = '${USCIS Receipt Number}' and bnft_questn_id = 417
I821DArrivalDepartureDate,,FormI821D,,I821DPart3Question5c,${ArrivalDepartureDate},"select to_char(to_date(resp_txt,  'MM/DD/RRRR'), 'YYYY-MM-DD') from case_questn_resp cqr inner join cis_case c on c.CASE_IDENTIFIER = cqr.case_id where c.USCIS_RECEIPT_NUMBER = '${USCIS Receipt Number}' and bnft_questn_id = 418"
I821DEducationGuideline,,FormI821D,,I821DPart3Question6,${EducationGuideline},select eductn_qlfctn_txt from case_pers_eductn cpe inner join cis_case c on c.CASE_IDENTIFIER = cpe.case_id where c.USCIS_RECEIPT_NUMBER = '${USCIS Receipt Number}'
I821DEducationPlace,,FomrI821D,,I821DPart3Question7,${EducationPlace},select inst_detl_txt from case_pers_eductn cpe inner join cis_case c on c.CASE_IDENTIFIER = cpe.case_id where c.USCIS_RECEIPT_NUMBER ='${USCIS Receipt Number}'
I821DGraduationDate,,FormI821D,,I821DPart3Question8,${GraduationDate},"select to_char(graduation_dt, 'YYYY-MM-DD') from case_pers_eductn cpe inner join cis_case c on c.CASE_IDENTIFIER = cpe.case_id where c.USCIS_RECEIPT_NUMBER ='${USCIS Receipt Number}'"
I821DMemberOfMilitary,,FormI821D,'${MemberOfMilitaryYes}' == 'true' && '${MemberOfMilitaryNo}' == 'true',I821DPart3Question9,1,select questn_resp_ind from case_questn_resp resp where case_id = (select cc.case_identifier from cis_case cc where cc.uscis_receipt_number = '${USCIS Receipt Number}' and bnft_questn_id = 420)
I821DMemberOfMilitary,,FormI821D,'${MemberOfMilitaryYes}' == 'true' && '${MemberOfMilitaryNo}' != 'true',I821DPart3Question9,Y,select questn_resp_ind from case_questn_resp resp where case_id = (select cc.case_identifier from cis_case cc where cc.uscis_receipt_number = '${USCIS Receipt Number}' and bnft_questn_id = 420)
I821DMemberOfMilitary,,FormI821D,'${MemberOfMilitaryYes}' != 'true' && '${MemberOfMilitaryNo}' == 'true',I821DPart3Question9,N,select questn_resp_ind from case_questn_resp resp where case_id = (select cc.case_identifier from cis_case cc where cc.uscis_receipt_number = '${USCIS Receipt Number}' and bnft_questn_id = 420)
I821DMemberOfMilitary,,FormI821D,'${MemberOfMilitaryYes}' != 'true' && '${MemberOfMilitaryNo}' != 'true',I821DPart3Question9,2,select questn_resp_ind from case_questn_resp resp where case_id = (select cc.case_identifier from cis_case cc where cc.uscis_receipt_number = '${USCIS Receipt Number}' and bnft_questn_id = 420)
I821DMilitaryBranch_case_pers_mil,,FormI821D,,I821DPart3Question9a,${MilitaryBranch},select mil_svc_cd from case_pers_mil cpm inner join cis_case c on c.CASE_IDENTIFIER = cpm.case_id where c.USCIS_RECEIPT_NUMBER = '${USCIS Receipt Number}'
I821DMilitaryBranch_case_questn_resp,,FormI821D,,I821DPart3Question9a,${MilitaryBranch},select resp_txt from case_questn_resp cqr inner join cis_case c on c.CASE_IDENTIFIER = cqr.case_id where c.USCIS_RECEIPT_NUMBER = '${USCIS Receipt Number}' and bnft_questn_id = 421
I821DMilitaryServiceStartDate_case_pers_mil,,FormI821D,,I821DPart3Question9b,${ServiceStartDate},"select to_char(svc_strt_dt, 'YYYY-MM-DD') from case_pers_mil cpm inner join cis_case c on c.CASE_IDENTIFIER = cpm.case_id where c.USCIS_RECEIPT_NUMBER = '${USCIS Receipt Number}'"
I821DMilitaryServiceStartDate_case_questn_resp,,FormI821D,,I821DPart3Question9b,1,select count(resp_txt) from case_questn_resp cqr inner join cis_case c on c.CASE_IDENTIFIER = cqr.case_id where c.USCIS_RECEIPT_NUMBER = '${USCIS Receipt Number}' and bnft_questn_id = 422
I821DDischargeDate_case_pers_mil,,FormI821D,,I821DPart3Question9c,${DischargeDate},"select to_char(svc_dschrg_dt, 'YYYY-MM-DD') from case_pers_mil cpm inner join cis_case c on c.CASE_IDENTIFIER = cpm.case_id where c.USCIS_RECEIPT_NUMBER = '${USCIS Receipt Number}'"
I821DDischargeDate_case_questn_resp,,FormI821D,,I821DPart3Question9c,1,select count(resp_txt) from case_questn_resp cqr inner join cis_case c on c.CASE_IDENTIFIER = cqr.case_id where c.USCIS_RECEIPT_NUMBER = '${USCIS Receipt Number}' and bnft_questn_id = 423
I821DTypeOfDischarge_case_pers_mil,,FormI821D,,I821DPart3Question9d,${TypeOfDischarge},select svc_dschrg_typ_txt from case_pers_mil cpm inner join cis_case c on c.CASE_IDENTIFIER = cpm.case_id where c.USCIS_RECEIPT_NUMBER = '${USCIS Receipt Number}'
I821DTypeOfDischarge_case_questn_resp,,FormI821D,,I821DPart3Question9d,${TypeOfDischarge},select resp_txt from case_questn_resp cqr inner join cis_case c on c.CASE_IDENTIFIER = cqr.case_id where c.USCIS_RECEIPT_NUMBER = '${USCIS Receipt Number}' and bnft_questn_id = 424
,,FormI821D,,Verify I821DFormRevisionDate,${I821DFormRevisionDate},"select to_char(fr.frm_revs_dt, 'MM/DD/YYYY') from frm_revs fr inner join bnft_req br on fr.frm_revs_id = br.frm_revs_id where uscis_rcpt_nbr='${USCIS Receipt Number}'"
,,FormI821,,Verify I821FormRevisionDate,${I821FormRevisionDate},"select to_char(fr.frm_revs_dt, 'MM/DD/YYYY') from frm_revs fr inner join bnft_req br on fr.frm_revs_id = br.frm_revs_id where uscis_rcpt_nbr='${USCIS Receipt Number}'"
,,FormI90,,Verify I90FormRevisionDate,${I90FormRevisionDate},"select to_char(fr.frm_revs_dt, 'MM/DD/YYYY') from frm_revs fr inner join bnft_req br on fr.frm_revs_id = br.frm_revs_id where uscis_rcpt_nbr='${USCIS Receipt Number}'"
I765P1Q18,,FormI765,,I765P1Q18,${I765P1Q18},SELECT RESP_TXT FROM CASE_QUESTN_RESP WHERE   BNFT_QUESTN_ID = 1156 AND  CASE_ID = (SELECT CC.CASE_IDENTIFIER FROM CIS_CASE CC WHERE CC.uscis_receipt_number='${USCIS Receipt Number}')
I765P1Q20,,FormI765,,I765P1Q20,${I765P1Q20},SELECT RESP_TXT FROM CASE_QUESTN_RESP WHERE   BNFT_QUESTN_ID = 1161 AND  CASE_ID = (SELECT CC.CASE_IDENTIFIER FROM CIS_CASE CC WHERE CC.uscis_receipt_number='${USCIS Receipt Number}')
I821DAdditionalInfoIndicator,N,FormI821D,'${I821DAdditionalInfoIndicator}' == 'false',I821DAdditionalInfoIndicator,F,select ADDTNL_INFO_IND from cis_case cc where cc.uscis_receipt_number='${USCIS Receipt Number}'
I821DAdditionalInfoIndicator,N,FormI821D,'${I821DAdditionalInfoIndicator}' == 'true',I821DAdditionalInfoIndicator,T,select ADDTNL_INFO_IND from cis_case cc where cc.uscis_receipt_number='${USCIS Receipt Number}'
FormI821DBirthLocation,,FormI765,'${Applicant State Of Birth}' != '' || '${Applicant Place Of Birth}' != '',Verify Applicant Birth Location for I821D and 765,"1,${Applicant Place Of Birth}, ${Applicant State Of Birth}","select count(*), p.brth_plce_desc from cis_case cc inner join case_prty_role cpr on cpr.case_id = cc.case_identifier inner join role_typ_cd rtc on cpr.role_typ_cd = rtc.role_type_code_identifier inner join pers p on p.prty_id = cpr.prty_id where cc.uscis_receipt_number='${USCIS Receipt Number}' and rtc.role_type_description = 'Applicant' and p.brth_cntry_cd = (SELECT COALESCE((select brth_cntry_cd from brth_cntry_cd where lckbx_cntry_cd='${Applicant Country Of Birth}'), 'UNKNO') FROM DUAL)  group by p.brth_plce_desc"
